category,name
Basketball,LeBron James
Basketball,Stephen Curry
Basketball,Kevin Durant
Basketball,Giannis Antetokounmpo
Basketball,Nikola Jokic
Basketball,Luka Doncic
Basketball,Joel Embiid
Basketball,Jayson Tatum
Basketball,Jaylen Brown
Basketball,Anthony Edwards
Basketball,Shai Gilgeous-Alexander
Basketball,Victor Wembanyama
Basketball,Devin Booker
Basketball,Damian Lillard
Basketball,Kawhi Leonard
Basketball,Paul George
Basketball,James Harden
Basketball,Kyrie Irving
Basketball,Anthony Davis
Basketball,Jimmy Butler
Basketball,Bam Adebayo
Basketball,Tyler Herro
Basketball,Zion Williamson
Basketball,Brandon Ingram
Basketball,Ja Morant
Basketball,Jaren Jackson Jr.
Basketball,Desmond Bane
Basketball,Trae Young
Basketball,Dejounte Murray
Basketball,Donovan Mitchell
Basketball,Darius Garland
Basketball,Evan Mobley
Basketball,Jarrett Allen
Basketball,Tyrese Haliburton
Basketball,Pascal Siakam
Basketball,Tyrese Maxey
Basketball,Paolo Banchero
Basketball,Franz Wagner
Basketball,Jalen Green
Basketball,Alperen Sengun
Basketball,Cade Cunningham
Basketball,Jalen Duren
Basketball,Ausar Thompson
Basketball,Amen Thompson
Basketball,Scottie Barnes
Basketball,RJ Barrett
Basketball,Immanuel Quickley
Basketball,Jalen Brunson
Basketball,Julius Randle
Basketball,Karl-Anthony Towns
Basketball,Rudy Gobert
Basketball,Mikal Bridges
Basketball,Josh Giddey
Basketball,Chet Holmgren
Basketball,Jalen Williams
Basketball,Lauri Markkanen
Basketball,Jordan Clarkson
Basketball,Walker Kessler
Basketball,Domantas Sabonis
Basketball,De'Aaron Fox
Basketball,Keegan Murray
Basketball,DeMar DeRozan
Basketball,Zach LaVine
Basketball,Coby White
Basketball,Lonzo Ball
Basketball,Alex Caruso
Basketball,Bradley Beal
Basketball,Kyle Kuzma
Basketball,Jordan Poole
Basketball,Bilal Coulibaly
Basketball,Alex Sarr
Basketball,Scoot Henderson
Basketball,Anfernee Simons
Basketball,Shaedon Sharpe
Basketball,Deni Avdija
Basketball,Jerami Grant
Basketball,Klay Thompson
Basketball,Draymond Green
Basketball,Andrew Wiggins
Basketball,Jonathan Kuminga
Basketball,Brandin Podziemski
Basketball,Chris Paul
Basketball,Austin Reaves
Basketball,D'Angelo Russell
Basketball,Rui Hachimura
Basketball,Bronny James
Basketball,Dalton Knecht
Basketball,Norman Powell
Basketball,Ivica Zubac
Basketball,Kristaps Porzingis
Basketball,Jrue Holiday
Basketball,Derrick White
Basketball,Al Horford
Basketball,Payton Pritchard
Basketball,Khris Middleton
Basketball,Brook Lopez
Basketball,Bobby Portis
Basketball,Kyle Lowry
Basketball,Nikola Vucevic
Basketball,Aaron Gordon
Basketball,Jamal Murray
Basketball,Michael Porter Jr.
Basketball,Christian Braun
Basketball,Russell Westbrook
Basketball,Dereck Lively II
Basketball,P.J. Washington
Basketball,Daniel Gafford
Basketball,Fred VanVleet
Basketball,Dillon Brooks
Basketball,Jabari Smith Jr.
Basketball,Reed Sheppard
Basketball,Cam Thomas
Basketball,Nic Claxton
Basketball,Ben Simmons
Basketball,OG Anunoby
Basketball,Josh Hart
Basketball,Donte DiVincenzo
Basketball,Mitchell Robinson
Basketball,Brandon Miller
Basketball,LaMelo Ball
Basketball,Miles Bridges
Basketball,Mark Williams
Basketball,Zaccharie Risacher
Basketball,Jalen Johnson
Basketball,Clint Capela
Basketball,Bogdan Bogdanovic
Basketball,Onyeka Okongwu
Basketball,Stephon Castle
Basketball,Devin Vassell
Basketball,Keldon Johnson
Basketball,Jeremy Sochan
Basketball,Harrison Barnes
Basketball,Deandre Ayton
Basketball,Jusuf Nurkic
Basketball,Grayson Allen
Basketball,Kevin Love
Basketball,Duncan Robinson
Basketball,Jaime Jaquez Jr.
Basketball,Terry Rozier
Basketball,Nikola Jovic
Basketball,Myles Turner
Basketball,Bennedict Mathurin
Basketball,Andrew Nembhard
Basketball,Aaron Nesmith
Basketball,Obi Toppin
Basketball,T.J. McConnell
Basketball,Kelly Oubre Jr.
Basketball,Paul Reed
Basketball,Jared McCain
Basketball,Caleb Martin
Basketball,Tobias Harris
Basketball,Jalen Suggs
Basketball,Wendell Carter Jr.
Basketball,Cole Anthony
Basketball,Jonathan Isaac
Basketball,Anthony Black
Basketball,Tari Eason
Basketball,Steven Adams
Basketball,Herbert Jones
Basketball,Trey Murphy III
Basketball,CJ McCollum
Basketball,Jose Alvarado
Basketball,Yves Missi
Basketball,Jonas Valanciunas
Basketball,Marcus Smart
Basketball,Zach Edey
Basketball,Jaylen Wells
Basketball,GG Jackson
Basketball,Luke Kennard
Basketball,Collin Sexton
Basketball,John Collins
Basketball,Keyonte George
Basketball,Taylor Hendricks
Basketball,Isaiah Collier
Basketball,Cody Williams
Basketball,Kyle Filipowski
Basketball,Brice Sensabaugh
Basketball,Naz Reid
Basketball,Mike Conley
Basketball,Jaden McDaniels
Basketball,Nickeil Alexander-Walker
Basketball,Rob Dillingham
Basketball,Terrence Shannon Jr.
Basketball,Isaiah Hartenstein
Basketball,Luguentz Dort
Basketball,Cason Wallace
Basketball,Aaron Wiggins
Basketball,Isaiah Joe
Basketball,Kenrich Williams
Basketball,Ousmane Dieng
Basketball,Nikola Topic
Basketball,Malik Monk
Basketball,Kevin Huerter
Basketball,Zach Collins
Basketball,Dennis Schroder
Basketball,Spencer Dinwiddie
Basketball,Kyle Anderson
Basketball,Gary Payton II
Basketball,Buddy Hield
Basketball,Moses Moody
Basketball,Kevon Looney
Basketball,Trayce Jackson-Davis
Basketball,Jordan Hawkins
Basketball,Dyson Daniels
Basketball,Cooper Flagg
Basketball,Dylan Harper
Basketball,Ace Bailey
Basketball,VJ Edgecombe
Basketball,Kon Knueppel
Basketball,Tre Johnson
Basketball,Jeremiah Fears
Basketball,Egor Demin
Basketball,Collin Murray-Boyles
Basketball,Khaman Maluach
Basketball,Michael Jordan
Basketball,Kobe Bryant
Basketball,Magic Johnson
Basketball,Larry Bird
Basketball,Kareem Abdul-Jabbar
Basketball,Wilt Chamberlain
Basketball,Bill Russell
Basketball,Shaquille O'Neal
Basketball,Tim Duncan
Basketball,Hakeem Olajuwon
Basketball,Julius Erving
Basketball,Oscar Robertson
Basketball,Jerry West
Basketball,Elgin Baylor
Basketball,Karl Malone
Basketball,John Stockton
Basketball,Charles Barkley
Basketball,Scottie Pippen
Basketball,Dennis Rodman
Basketball,Patrick Ewing
Basketball,David Robinson
Basketball,Isiah Thomas
Basketball,Moses Malone
Basketball,Kevin Garnett
Basketball,Dirk Nowitzki
Basketball,Allen Iverson
Basketball,Dwyane Wade
Basketball,Chris Bosh
Basketball,Tony Parker
Basketball,Manu Ginobili
Basketball,Paul Pierce
Basketball,Ray Allen
Basketball,Steve Nash
Basketball,Jason Kidd
Basketball,Gary Payton
Basketball,Vince Carter
Basketball,Tracy McGrady
Basketball,Yao Ming
Basketball,Grant Hill
Basketball,Reggie Miller
Basketball,Clyde Drexler
Basketball,Dominique Wilkins
Basketball,Pete Maravich
Basketball,George Gervin
Basketball,Bob Cousy
Basketball,Walt Frazier
Basketball,Willis Reed
Basketball,Earl Monroe
Basketball,Rick Barry
Basketball,John Havlicek
Basketball,Dave Cowens
Basketball,Kevin McHale
Basketball,Robert Parish
Basketball,James Worthy
Basketball,Bill Walton
Basketball,Bob McAdoo
Basketball,Elvin Hayes
Basketball,Wes Unseld
Basketball,Nate Archibald
Basketball,Dave Bing
Basketball,Bernard King
Basketball,Adrian Dantley
Basketball,Alex English
Basketball,Kiki VanDeWeghe
Basketball,Dan Issel
Basketball,David Thompson
Basketball,Chris Mullin
Basketball,Tim Hardaway
Basketball,Mitch Richmond
Basketball,Alonzo Mourning
Basketball,Dikembe Mutombo
Basketball,Chris Webber
Basketball,Penny Hardaway
Basketball,Shawn Kemp
Basketball,Glen Rice
Basketball,Larry Johnson
Basketball,Ben Wallace
Basketball,Rasheed Wallace
Basketball,Chauncey Billups
Basketball,Richard Hamilton
Basketball,Pau Gasol
Basketball,Marc Gasol
Basketball,Carmelo Anthony
Basketball,Amar'e Stoudemire
Basketball,Blake Griffin
Basketball,Derrick Rose
Basketball,Dwight Howard
Basketball,Deron Williams
Basketball,Rajon Rondo
Basketball,Kemba Walker
Basketball,Gordon Hayward
Basketball,DeMarcus Cousins
Basketball,John Wall
Basketball,Andre Iguodala
Basketball,Tony Allen
Basketball,Joakim Noah
Basketball,Carlos Boozer
Basketball,Luol Deng
Basketball,Mike Bibby
Basketball,Peja Stojakovic
Basketball,Vlade Divac
Basketball,Sam Cassell
Basketball,Latrell Sprewell
Basketball,Stephon Marbury
Basketball,Steve Francis
Basketball,Baron Davis
Basketball,Gilbert Arenas
Basketball,Michael Redd
Basketball,Shareef Abdur-Rahim
Basketball,Antawn Jamison
Basketball,Jermaine O'Neal
Basketball,Ron Artest
Basketball,Metta World Peace
Basketball,Lamar Odom
Basketball,Derek Fisher
Basketball,Robert Horry
Basketball,Toni Kukoc
Basketball,Horace Grant
Basketball,Dennis Johnson
Basketball,Sidney Moncrief
Basketball,Mark Price
Basketball,Brad Daugherty
Basketball,Tom Chambers
Basketball,Jack Sikma
Basketball,Paul Westphal
Basketball,Walter Davis
Basketball,Rolando Blackman
Basketball,Mark Aguirre
Basketball,Joe Dumars
Basketball,Vinnie Johnson
Basketball,Bill Laimbeer
Basketball,Kevin Johnson
Basketball,Dale Ellis
Basketball,Detlef Schrempf
Basketball,Hersey Hawkins
Basketball,Dennis Scott
Basketball,Nick Anderson
Basketball,Arvydas Sabonis
Basketball,Drazen Petrovic
Basketball,Manute Bol
Basketball,Muggsy Bogues
Basketball,Spud Webb
Basketball,Anthony Mason
Basketball,Charles Oakley
Basketball,John Starks
Basketball,Kenny Anderson
Basketball,Glenn Robinson
Basketball,Juwan Howard
Basketball,Jalen Rose
Basketball,Jamal Mashburn
Basketball,Antoine Walker
Basketball,Kenyon Martin
Basketball,Elton Brand
Basketball,Steve Smith
Basketball,Zydrunas Ilgauskas
Basketball,Andrei Kirilenko
Basketball,Rip Hamilton
Basketball,Tayshaun Prince
Basketball,Shawn Marion
Basketball,Michael Finley
Basketball,Jason Terry
Basketball,Josh Smith
Basketball,Al Jefferson
Basketball,Monta Ellis
Basketball,Brandon Roy
Basketball,LaMarcus Aldridge
Basketball,Greg Oden
Basketball,Kevin Martin
Basketball,Rudy Gay
Basketball,Zach Randolph
Basketball,Danny Granger
Basketball,Paul Millsap
Basketball,David West
Basketball,Tyson Chandler
Basketball,Serge Ibaka
Basketball,Andrew Bynum
Basketball,Jeremy Lin
Basketball,Isaiah Thomas
Basketball,Kyle Korver
Basketball,DeMarre Carroll
Basketball,Jeff Teague
Basketball,Eric Gordon
Basketball,Lou Williams
Basketball,Jamal Crawford
Basketball,Goran Dragic
Basketball,Hassan Whiteside
Basketball,Andre Drummond
Basketball,Reggie Jackson
Basketball,Nicolas Batum
Basketball,Jabari Parker
Basketball,Elfrid Payton
Basketball,Dante Exum
Basketball,Jahlil Okafor
Basketball,Justise Winslow
Basketball,Dragan Bender
Basketball,Kris Dunn
Basketball,Markelle Fultz
Basketball,Josh Jackson
Basketball,Dennis Smith Jr.
Basketball,Marvin Bagley III
Basketball,Mo Bamba
Basketball,Kevin Knox
Basketball,De'Andre Hunter
Basketball,Cam Reddish
Basketball,James Wiseman
Basketball,Patrick Williams
Basketball,Isaac Okoro
Basketball,Killian Hayes
Basketball,Davion Mitchell
Basketball,Jaden Ivey
Basketball,Johnny Davis
Basketball,Cam Whitmore
Basketball,Jarace Walker
Basketball,Gradey Dick
Basketball,Kobe Bufkin
Basketball,Caitlin Clark
Basketball,A'ja Wilson
Basketball,Breanna Stewart
Basketball,Sabrina Ionescu
Basketball,Diana Taurasi
Basketball,Sue Bird
Basketball,Candace Parker
Basketball,Maya Moore
Basketball,Paige Bueckers
Basketball,Angel Reese
Basketball,Cameron Brink
Basketball,Kelsey Plum
Basketball,Jewell Loyd
Basketball,Napheesa Collier
Basketball,Arike Ogunbowale
Basketball,Aliyah Boston
Basketball,Rhyne Howard
Basketball,Lisa Leslie
Basketball,Sheryl Swoopes
Basketball,Tamika Catchings
Basketball,Lauren Jackson
Basketball,Cynthia Cooper
Basketball,Elena Delle Donne
Basketball,Brittney Griner
Basketball,Skylar Diggins-Smith
Basketball,Chamique Holdsclaw
Basketball,Satou Sabally
Basketball,Juju Watkins
Basketball,Kahleah Copper
Basketball,Jackie Young
Basketball,Chelsea Gray
Basketball,Alyssa Thomas
Basketball,Jonquel Jones
Basketball,Jaden Hardy
Basketball,Quentin Grimes
Basketball,Josh Green
Basketball,Jalen Hood-Schifino
Basketball,Kel'el Ware
Basketball,Pelle Larsson
Basketball,Matas Buzelis
Basketball,Ricky Council IV
Basketball,Kyshawn George
Basketball,Tidjane Salaun
Basketball,Donovan Clingan
Basketball,Devin Carter
Basketball,Ron Holland II
Basketball,Tristan da Silva
Basketball,Jett Howard
Basketball,Jordan Walsh
Basketball,Julian Strawther
Basketball,Chris Livingston
Basketball,Toumani Camara
Basketball,Jalen Pickett
Basketball,Jabari Walker
Basketball,Christian Koloko
Basketball,Ochai Agbaji
Basketball,Peyton Watson
Basketball,Max Christie
Basketball,Kennedy Chandler
Basketball,MarJon Beauchamp
Basketball,Blake Wesley
Basketball,Jake LaRavia
Basketball,Dariq Whitehead
Basketball,Brandon Clarke
Basketball,Robert Williams III
Basketball,Marcus Morris
Basketball,Markieff Morris
Basketball,Tim Hardaway Jr.
Basketball,Gary Trent Jr.
Basketball,Larry Nance Jr.
Basketball,Otto Porter Jr.
Basketball,Wendell Moore Jr.
Basketball,Vernon Carey Jr.
Basketball,Jaylin Williams
Basketball,Jeremy Lamb
Basketball,Bojan Bogdanovic
Basketball,Evan Fournier
Basketball,Jonas Jerebko
Basketball,Danilo Gallinari
Basketball,Ricky Rubio
Basketball,Rudy Fernandez
Basketball,Hidayet Turkoglu
Basketball,Mehmet Okur
Basketball,Nene Hilario
Basketball,Andrea Bargnani
Basketball,Emeka Okafor
Basketball,Ben Gordon
Basketball,Chris Kaman
Baseball,Shohei Ohtani
Baseball,Aaron Judge
Baseball,Mookie Betts
Baseball,Freddie Freeman
Baseball,Juan Soto
Baseball,Mike Trout
Baseball,Bryce Harper
Baseball,Ronald Acuna Jr.
Baseball,Fernando Tatis Jr.
Baseball,Vladimir Guerrero Jr.
Baseball,Bo Bichette
Baseball,Julio Rodriguez
Baseball,Bobby Witt Jr.
Baseball,Gunnar Henderson
Baseball,Adley Rutschman
Baseball,Corbin Carroll
Baseball,Elly De La Cruz
Baseball,Jackson Chourio
Baseball,Jackson Holliday
Baseball,Wyatt Langford
Baseball,Paul Skenes
Baseball,Jackson Merrill
Baseball,James Wood
Baseball,Dylan Crews
Baseball,Junior Caminero
Baseball,Evan Carter
Baseball,Josh Jung
Baseball,Corey Seager
Baseball,Marcus Semien
Baseball,Adolis Garcia
Baseball,Jose Altuve
Baseball,Alex Bregman
Baseball,Kyle Tucker
Baseball,Yordan Alvarez
Baseball,Jeremy Pena
Baseball,Framber Valdez
Baseball,Justin Verlander
Baseball,Max Scherzer
Baseball,Clayton Kershaw
Baseball,Gerrit Cole
Baseball,Jacob deGrom
Baseball,Spencer Strider
Baseball,Zack Wheeler
Baseball,Aaron Nola
Baseball,Trea Turner
Baseball,Kyle Schwarber
Baseball,J.T. Realmuto
Baseball,Bryson Stott
Baseball,Alec Bohm
Baseball,Pete Alonso
Baseball,Francisco Lindor
Baseball,Kodai Senga
Baseball,Brandon Nimmo
Baseball,Francisco Alvarez
Baseball,Matt Olson
Baseball,Austin Riley
Baseball,Ozzie Albies
Baseball,Michael Harris II
Baseball,Chris Sale
Baseball,Manny Machado
Baseball,Xander Bogaerts
Baseball,Ha-Seong Kim
Baseball,Yu Darvish
Baseball,Luis Arraez
Baseball,Rafael Devers
Baseball,Triston Casas
Baseball,Jarren Duran
Baseball,Roman Anthony
Baseball,Kristian Campbell
Baseball,Marcelo Mayer
Baseball,Masataka Yoshida
Baseball,Anthony Volpe
Baseball,Jasson Dominguez
Baseball,Giancarlo Stanton
Baseball,Carlos Rodon
Baseball,Jazz Chisholm Jr.
Baseball,Cal Raleigh
Baseball,Logan Gilbert
Baseball,George Kirby
Baseball,Luis Castillo
Baseball,Bryan Woo
Baseball,Randy Arozarena
Baseball,Jose Ramirez
Baseball,Steven Kwan
Baseball,Emmanuel Clase
Baseball,Tanner Bibee
Baseball,Chase DeLauter
Baseball,Riley Greene
Baseball,Spencer Torkelson
Baseball,Tarik Skubal
Baseball,Colt Keith
Baseball,Kerry Carpenter
Baseball,Carlos Correa
Baseball,Byron Buxton
Baseball,Royce Lewis
Baseball,Pablo Lopez
Baseball,Joe Ryan
Baseball,Walker Jenkins
Baseball,Brooks Lee
Baseball,Luis Robert Jr.
Baseball,Andrew Vaughn
Baseball,Colson Montgomery
Baseball,Salvador Perez
Baseball,Cole Ragans
Baseball,Vinnie Pasquantino
Baseball,Christian Yelich
Baseball,William Contreras
Baseball,Freddy Peralta
Baseball,Jacob Misiorowski
Baseball,Seiya Suzuki
Baseball,Dansby Swanson
Baseball,Ian Happ
Baseball,Nico Hoerner
Baseball,Pete Crow-Armstrong
Baseball,Matt Shaw
Baseball,Shota Imanaga
Baseball,Nolan Arenado
Baseball,Paul Goldschmidt
Baseball,Masyn Winn
Baseball,Jordan Walker
Baseball,Ivan Herrera
Baseball,Oneil Cruz
Baseball,Bryan Reynolds
Baseball,Ke'Bryan Hayes
Baseball,Konnor Griffin
Baseball,Termarr Johnson
Baseball,Hunter Greene
Baseball,Matt McLain
Baseball,Noelvi Marte
Baseball,Spencer Steer
Baseball,Chase Burns
Baseball,Ketel Marte
Baseball,Zac Gallen
Baseball,Gabriel Moreno
Baseball,Nolan Schanuel
Baseball,Zach Neto
Baseball,Logan O'Hoppe
Baseball,Brent Rooker
Baseball,Lawrence Butler
Baseball,Nick Kurtz
Baseball,Jacob Wilson
Baseball,Mason Miller
Baseball,Josh Naylor
Baseball,Ezequiel Tovar
Baseball,Brenton Doyle
Baseball,Kris Bryant
Baseball,Charlie Condon
Baseball,Jung Hoo Lee
Baseball,Logan Webb
Baseball,Matt Chapman
Baseball,Kyle Harrison
Baseball,Bryce Eldridge
Baseball,Yoshinobu Yamamoto
Baseball,Tyler Glasnow
Baseball,Will Smith
Baseball,Teoscar Hernandez
Baseball,Max Muncy
Baseball,Roki Sasaki
Baseball,Blake Snell
Baseball,Andy Pages
Baseball,Dalton Rushing
Baseball,CJ Abrams
Baseball,MacKenzie Gore
Baseball,Keibert Ruiz
Baseball,Josh Bell
Baseball,Kyle Stowers
Baseball,Xavier Edwards
Baseball,Sandy Alcantara
Baseball,Eury Perez
Baseball,Agustin Ramirez
Baseball,Vladimir Guerrero
Baseball,George Springer
Baseball,Kevin Gausman
Baseball,Alek Manoah
Baseball,Jose Berrios
Baseball,Cedric Mullins
Baseball,Jordan Westburg
Baseball,Colton Cowser
Baseball,Samuel Basallo
Baseball,Coby Mayo
Baseball,Grayson Rodriguez
Baseball,Corbin Burnes
Baseball,Shane McClanahan
Baseball,Yandy Diaz
Baseball,Brandon Lowe
Baseball,Carson Williams
Baseball,Wander Franco
Baseball,Babe Ruth
Baseball,Lou Gehrig
Baseball,Ty Cobb
Baseball,Honus Wagner
Baseball,Cy Young
Baseball,Walter Johnson
Baseball,Christy Mathewson
Baseball,Jackie Robinson
Baseball,Mickey Mantle
Baseball,Willie Mays
Baseball,Hank Aaron
Baseball,Ted Williams
Baseball,Joe DiMaggio
Baseball,Stan Musial
Baseball,Roberto Clemente
Baseball,Sandy Koufax
Baseball,Bob Gibson
Baseball,Yogi Berra
Baseball,Roy Campanella
Baseball,Duke Snider
Baseball,Ernie Banks
Baseball,Frank Robinson
Baseball,Brooks Robinson
Baseball,Al Kaline
Baseball,Harmon Killebrew
Baseball,Willie McCovey
Baseball,Juan Marichal
Baseball,Warren Spahn
Baseball,Whitey Ford
Baseball,Satchel Paige
Baseball,Josh Gibson
Baseball,Jimmie Foxx
Baseball,Rogers Hornsby
Baseball,Mel Ott
Baseball,Tris Speaker
Baseball,Nap Lajoie
Baseball,Shoeless Joe Jackson
Baseball,Pete Rose
Baseball,Johnny Bench
Baseball,Joe Morgan
Baseball,Tom Seaver
Baseball,Nolan Ryan
Baseball,Reggie Jackson
Baseball,Rod Carew
Baseball,Carl Yastrzemski
Baseball,Hank Greenberg
Baseball,Jim Palmer
Baseball,Steve Carlton
Baseball,Mike Schmidt
Baseball,George Brett
Baseball,Robin Yount
Baseball,Paul Molitor
Baseball,Ozzie Smith
Baseball,Cal Ripken Jr.
Baseball,Tony Gwynn
Baseball,Rickey Henderson
Baseball,Wade Boggs
Baseball,Kirby Puckett
Baseball,Don Mattingly
Baseball,Ryne Sandberg
Baseball,Dave Winfield
Baseball,Eddie Murray
Baseball,Gary Carter
Baseball,Dwight Gooden
Baseball,Darryl Strawberry
Baseball,Roger Clemens
Baseball,Barry Bonds
Baseball,Mark McGwire
Baseball,Sammy Sosa
Baseball,Jose Canseco
Baseball,Ken Griffey Jr.
Baseball,Frank Thomas
Baseball,Greg Maddux
Baseball,Tom Glavine
Baseball,John Smoltz
Baseball,Chipper Jones
Baseball,Randy Johnson
Baseball,Pedro Martinez
Baseball,Derek Jeter
Baseball,Mariano Rivera
Baseball,Alex Rodriguez
Baseball,Ichiro Suzuki
Baseball,Albert Pujols
Baseball,David Ortiz
Baseball,Manny Ramirez
Baseball,Vladimir Guerrero Sr.
Baseball,Ivan Rodriguez
Baseball,Mike Piazza
Baseball,Jeff Bagwell
Baseball,Craig Biggio
Baseball,Larry Walker
Baseball,Todd Helton
Baseball,Jim Thome
Baseball,Roberto Alomar
Baseball,Barry Larkin
Baseball,Edgar Martinez
Baseball,Tony Oliva
Baseball,Dick Allen
Baseball,Gil Hodges
Baseball,Minnie Minoso
Baseball,Andre Dawson
Baseball,Tim Raines
Baseball,Bert Blyleven
Baseball,Fergie Jenkins
Baseball,Don Sutton
Baseball,Phil Niekro
Baseball,Gaylord Perry
Baseball,Catfish Hunter
Baseball,Rollie Fingers
Baseball,Dennis Eckersley
Baseball,Goose Gossage
Baseball,Bruce Sutter
Baseball,Lee Smith
Baseball,Trevor Hoffman
Baseball,Billy Wagner
Baseball,Joe Mauer
Baseball,Buster Posey
Baseball,Miguel Cabrera
Baseball,Justin Morneau
Baseball,Joey Votto
Baseball,Adrian Beltre
Baseball,Carlos Beltran
Baseball,Scott Rolen
Baseball,Andruw Jones
Baseball,Gary Sheffield
Baseball,Jeff Kent
Baseball,Bernie Williams
Baseball,Jorge Posada
Baseball,Andy Pettitte
Baseball,Paul O'Neill
Baseball,Tino Martinez
Baseball,Johan Santana
Baseball,CC Sabathia
Baseball,Roy Halladay
Baseball,Felix Hernandez
Baseball,Tim Lincecum
Baseball,Stephen Strasburg
Baseball,Madison Bumgarner
Baseball,David Wright
Baseball,Jose Reyes
Baseball,Ryan Howard
Baseball,Chase Utley
Baseball,Jimmy Rollins
Baseball,Cole Hamels
Baseball,Troy Tulowitzki
Baseball,Evan Longoria
Baseball,Dustin Pedroia
Baseball,Robinson Cano
Baseball,Prince Fielder
Baseball,Josh Hamilton
Baseball,Adrian Gonzalez
Baseball,Matt Kemp
Baseball,Andrew McCutchen
Baseball,Jose Fernandez
Baseball,Anthony Rizzo
Baseball,Javier Baez
Baseball,Cody Bellinger
Baseball,Gleyber Torres
Baseball,Nelson Cruz
Baseball,Jose Abreu
Baseball,Yadier Molina
Baseball,Adam Wainwright
Baseball,Paul Konerko
Baseball,Mark Buehrle
Baseball,Dave Stewart
Baseball,Bo Jackson
Baseball,Deion Sanders
Baseball,Fred McGriff
Baseball,Will Clark
Baseball,Kevin Mitchell
Baseball,Dale Murphy
Baseball,Steve Garvey
Baseball,Fernando Valenzuela
Baseball,Orel Hershiser
Baseball,Kirk Gibson
Baseball,Mark Grace
Baseball,Andre Ethier
Baseball,Vernon Wells
Baseball,Jose Bautista
Baseball,Roy Oswalt
Baseball,Lance Berkman
Baseball,Carlos Delgado
Baseball,Hideki Matsui
Baseball,Kosuke Fukudome
Baseball,Daisuke Matsuzaka
Baseball,Hideo Nomo
Baseball,Kazuhiro Sasaki
Baseball,Chan Ho Park
Baseball,Shin-Soo Choo
Baseball,Hyun-Jin Ryu
Baseball,Dave Parker
Baseball,Willie Stargell
Baseball,Bill Mazeroski
Baseball,Lou Brock
Baseball,Curt Flood
Baseball,Thurman Munson
Baseball,Don Drysdale
Baseball,Maury Wills
Baseball,Luis Aparicio
Baseball,Nellie Fox
Baseball,Early Wynn
Baseball,Bob Feller
Baseball,Larry Doby
Baseball,Monte Irvin
Baseball,Buck O'Neil
Baseball,Cool Papa Bell
Baseball,Oscar Charleston
Baseball,Kike Hernandez
Baseball,Jose Siri
Baseball,Jorge Soler
Baseball,Jesus Luzardo
Baseball,Hunter Brown
Baseball,Christian Walker
Baseball,Isaac Paredes
Baseball,Brandon Marsh
Baseball,Nick Castellanos
Baseball,Andrew Painter
Baseball,Mick Abel
Baseball,Ranger Suarez
Baseball,Mark Vientos
Baseball,Luisangel Acuna
Baseball,Jett Williams
Baseball,Ronny Mauricio
Baseball,Drake Baldwin
Baseball,AJ Smith-Shawver
Baseball,Spencer Schwellenbach
Baseball,Hurston Waldrep
Baseball,Jackson Jobe
Baseball,Max Clark
Baseball,Kevin McGonigle
Baseball,Parker Meadows
Baseball,Jace Jung
Baseball,Nick Gonzales
Baseball,Jared Jones
Baseball,Bubba Chandler
Baseball,Henry Davis
Baseball,Emmanuel Rodriguez
Baseball,Aidan Miller
Baseball,Justin Crawford
Baseball,Sebastian Walcott
Baseball,Kumar Rocker
Baseball,Cam Collier
Baseball,Rhett Lowder
Baseball,Edwin Arroyo
Baseball,Sal Stewart
Baseball,Jordan Lawlar
Baseball,Druw Jones
Baseball,Tommy Troy
Baseball,Christian Moore
Baseball,Caden Dana
Baseball,Kyle Teel
Baseball,Jake Wilson
Baseball,Colt Emerson
Baseball,Lazaro Montes
Baseball,Cole Young
Baseball,Harry Ford
Baseball,Travis Bazzana
Baseball,Chase Petty
Baseball,Jac Caglianone
Baseball,Blake Mitchell
Baseball,Gavin Cross
Baseball,Cam Caminiti
Baseball,Ethan Salas
Baseball,Leodalis De Vries
Baseball,Tyler Black
Baseball,Jeferson Quero
Baseball,Cooper Pratt
Baseball,Owen Caissie
Baseball,Moises Ballesteros
Baseball,Cade Horton
Baseball,Jordan Beck
Baseball,Zac Veen
Baseball,Adael Amador
Baseball,Chase Dollander
Baseball,Josue Briceno
Baseball,Brandon Sproat
Baseball,Carson Benge
Baseball,Jonah Tong
Baseball,Nolan McLean
Baseball,Trey Yesavage
Baseball,Arjun Nimmala
Baseball,Ricky Tiedemann
Baseball,George Lombard Jr.
Baseball,Spencer Jones
Baseball,Ben Rice
Baseball,Roderick Arias
Baseball,Hao-Yu Lee
Baseball,Kevin Alcantara
Baseball,Willy Adames
Baseball,Bryce Miller
Baseball,J.P. Crawford
Baseball,Julio Urias
Baseball,Walker Buehler
Baseball,Justin Turner
Baseball,Gavin Lux
Baseball,James Outman
Baseball,Miguel Vargas
Baseball,Bobby Miller
Baseball,Emmet Sheehan
Baseball,Michael Busch
Baseball,Jonathan India
Baseball,Tyler Stephenson
Baseball,Jose Trevino
Baseball,Alejandro Kirk
Baseball,Daulton Varsho
Baseball,Addison Barger
Baseball,Orelvis Martinez
Baseball,Ricky Vanasco
Baseball,Jordan Wicks
Baseball,Kevin Kiermaier
Baseball,Lars Nootbaar
Baseball,Brendan Donovan
Baseball,Alec Burleson
Baseball,Sonny Gray
Baseball,Joe Musgrove
Baseball,Dylan Cease
Baseball,Michael King
Baseball,Fernando Tatis Sr.
Football,Patrick Mahomes
Football,Josh Allen
Football,Lamar Jackson
Football,Joe Burrow
Football,Jalen Hurts
Football,Justin Herbert
Football,C.J. Stroud
Football,Brock Purdy
Football,Dak Prescott
Football,Jared Goff
Football,Jordan Love
Football,Tua Tagovailoa
Football,Trevor Lawrence
Football,Kyler Murray
Football,Aaron Rodgers
Football,Russell Wilson
Football,Kirk Cousins
Football,Baker Mayfield
Football,Matthew Stafford
Football,Geno Smith
Football,Caleb Williams
Football,Jayden Daniels
Football,Drake Maye
Football,Bo Nix
Football,J.J. McCarthy
Football,Michael Penix Jr.
Football,Bryce Young
Football,Anthony Richardson
Football,Will Levis
Football,Justin Fields
Football,Cam Ward
Football,Shedeur Sanders
Football,Travis Hunter
Football,Ashton Jeanty
Football,Jaxson Dart
Football,Tyler Warren
Football,Tetairoa McMillan
Football,Abdul Carter
Football,Mason Graham
Football,Colston Loveland
Football,Omarion Hampton
Football,Emeka Egbuka
Football,Luther Burden III
Football,Quinshon Judkins
Football,TreVeyon Henderson
Football,Matthew Golden
Football,Tyler Shough
Football,Jalen Milroe
Football,Dillon Gabriel
Football,Christian McCaffrey
Football,Saquon Barkley
Football,Derrick Henry
Football,Bijan Robinson
Football,Jahmyr Gibbs
Football,Breece Hall
Football,Jonathan Taylor
Football,De'Von Achane
Football,Josh Jacobs
Football,Kyren Williams
Football,James Cook
Football,Joe Mixon
Football,Alvin Kamara
Football,Kenneth Walker III
Football,Isiah Pacheco
Football,Rachaad White
Football,Travis Etienne Jr.
Football,Najee Harris
Football,Aaron Jones
Football,Tony Pollard
Football,Nick Chubb
Football,David Montgomery
Football,Brian Robinson Jr.
Football,Chase Brown
Football,Bucky Irving
Football,Jaylen Warren
Football,Rhamondre Stevenson
Football,Javonte Williams
Football,Zach Charbonnet
Football,Tyjae Spears
Football,Jonathon Brooks
Football,Blake Corum
Football,Trey Benson
Football,Braelon Allen
Football,Audric Estime
Football,Ray Davis
Football,Justin Jefferson
Football,Ja'Marr Chase
Football,Tyreek Hill
Football,CeeDee Lamb
Football,Amon-Ra St. Brown
Football,A.J. Brown
Football,Davante Adams
Football,Stefon Diggs
Football,Cooper Kupp
Football,Puka Nacua
Football,Garrett Wilson
Football,Chris Olave
Football,DK Metcalf
Football,Jaylen Waddle
Football,Mike Evans
Football,Chris Godwin
Football,Deebo Samuel
Football,Brandon Aiyuk
Football,Nico Collins
Football,Tank Dell
Football,DeVonta Smith
Football,Terry McLaurin
Football,DJ Moore
Football,Keenan Allen
Football,Drake London
Football,Zay Flowers
Football,Jordan Addison
Football,Rashee Rice
Football,Jaxon Smith-Njigba
Football,George Pickens
Football,Calvin Ridley
Football,Amari Cooper
Football,Tee Higgins
Football,Michael Pittman Jr.
Football,Christian Kirk
Football,DeAndre Hopkins
Football,Diontae Johnson
Football,Courtland Sutton
Football,Jerry Jeudy
Football,Marvin Harrison Jr.
Football,Malik Nabers
Football,Rome Odunze
Football,Brian Thomas Jr.
Football,Ladd McConkey
Football,Xavier Worthy
Football,Keon Coleman
Football,Xavier Legette
Football,Ricky Pearsall
Football,Adonai Mitchell
Football,Ja'Lynn Polk
Football,Troy Franklin
Football,Rashod Bateman
Football,Khalil Shakir
Football,Jameson Williams
Football,Josh Downs
Football,Travis Kelce
Football,George Kittle
Football,Mark Andrews
Football,T.J. Hockenson
Football,Sam LaPorta
Football,Trey McBride
Football,Dallas Goedert
Football,Kyle Pitts
Football,Evan Engram
Football,David Njoku
Football,Dalton Kincaid
Football,Jake Ferguson
Football,Brock Bowers
Football,Pat Freiermuth
Football,Cole Kmet
Football,Tucker Kraft
Football,Isaiah Likely
Football,Dalton Schultz
Football,Hunter Henry
Football,Aaron Donald
Football,T.J. Watt
Football,Myles Garrett
Football,Micah Parsons
Football,Nick Bosa
Football,Maxx Crosby
Football,Chris Jones
Football,Trey Hendrickson
Football,Danielle Hunter
Football,Brian Burns
Football,Aidan Hutchinson
Football,Will Anderson Jr.
Football,Jalen Carter
Football,Dexter Lawrence
Football,Quinnen Williams
Football,Jeffery Simmons
Football,Haason Reddick
Football,Montez Sweat
Football,Khalil Mack
Football,Von Miller
Football,Cameron Jordan
Football,Za'Darius Smith
Football,Bradley Chubb
Football,Rashan Gary
Football,Laiatu Latu
Football,Dallas Turner
Football,Jared Verse
Football,Byron Murphy II
Football,Fred Warner
Football,Roquan Smith
Football,Bobby Wagner
Football,Lavonte David
Football,Demario Davis
Football,Matt Milano
Football,Patrick Queen
Football,Devin White
Football,Jeremiah Owusu-Koramoah
Football,Sauce Gardner
Football,Patrick Surtain II
Football,Jalen Ramsey
Football,Jaire Alexander
Football,Trent McDuffie
Football,Derek Stingley Jr.
Football,Denzel Ward
Football,Marlon Humphrey
Football,Darius Slay
Football,Christian Gonzalez
Football,Devon Witherspoon
Football,Quinyon Mitchell
Football,Cooper DeJean
Football,Terrion Arnold
Football,Nate Wiggins
Football,Kyle Hamilton
Football,Minkah Fitzpatrick
Football,Derwin James Jr.
Football,Budda Baker
Football,Jessie Bates III
Football,Antoine Winfield Jr.
Football,Jevon Holland
Football,Tyrann Mathieu
Football,Justin Simmons
Football,Harrison Smith
Football,Kevin Byard
Football,Brian Branch
Football,Trent Williams
Football,Lane Johnson
Football,Penei Sewell
Football,Tristan Wirfs
Football,Quenton Nelson
Football,Zack Martin
Football,Chris Lindstrom
Football,Creed Humphrey
Football,Jason Kelce
Football,Rashawn Slater
Football,Joe Thuney
Football,Justin Tucker
Football,Harrison Butker
Football,Evan McPherson
Football,Brandon Aubrey
Football,Tom Brady
Football,Peyton Manning
Football,Joe Montana
Football,Jerry Rice
Football,Jim Brown
Football,Walter Payton
Football,Barry Sanders
Football,Emmitt Smith
Football,Lawrence Taylor
Football,Johnny Unitas
Football,Dan Marino
Football,John Elway
Football,Brett Favre
Football,Drew Brees
Football,Steve Young
Football,Troy Aikman
Football,Terry Bradshaw
Football,Roger Staubach
Football,Joe Namath
Football,Bart Starr
Football,Fran Tarkenton
Football,Dan Fouts
Football,Jim Kelly
Football,Warren Moon
Football,Otto Graham
Football,Sammy Baugh
Football,Sid Luckman
Football,Y.A. Tittle
Football,Ken Stabler
Football,Kurt Warner
Football,Eli Manning
Football,Ben Roethlisberger
Football,Philip Rivers
Football,Matt Ryan
Football,Michael Vick
Football,Donovan McNabb
Football,Cam Newton
Football,Andrew Luck
Football,Randall Cunningham
Football,Doug Flutie
Football,Boomer Esiason
Football,Steve McNair
Football,Daunte Culpepper
Football,Tony Romo
Football,Carson Palmer
Football,Jim Thorpe
Football,Red Grange
Football,Bronko Nagurski
Football,Gale Sayers
Football,Dick Butkus
Football,Deacon Jones
Football,Reggie White
Football,Bruce Smith
Football,Deion Sanders
Football,Ronnie Lott
Football,Rod Woodson
Football,Mel Blount
Football,Night Train Lane
Football,Charles Woodson
Football,Champ Bailey
Football,Darrelle Revis
Football,Ed Reed
Football,Troy Polamalu
Football,Brian Dawkins
Football,Sean Taylor
Football,Ray Lewis
Football,Junior Seau
Football,Mike Singletary
Football,Jack Lambert
Football,Jack Ham
Football,Joe Greene
Football,Merlin Olsen
Football,Alan Page
Football,Michael Strahan
Football,Julius Peppers
Football,DeMarcus Ware
Football,Jared Allen
Football,J.J. Watt
Football,Dwight Freeney
Football,Jason Taylor
Football,Derrick Thomas
Football,John Randle
Football,Warren Sapp
Football,Randy White
Football,Howie Long
Football,Anthony Munoz
Football,Jonathan Ogden
Football,Orlando Pace
Football,Walter Jones
Football,Joe Thomas
Football,Larry Allen
Football,Bruce Matthews
Football,Mike Webster
Football,Dwight Stephenson
Football,Tony Gonzalez
Football,Rob Gronkowski
Football,Shannon Sharpe
Football,Kellen Winslow
Football,Mike Ditka
Football,John Mackey
Football,Ozzie Newsome
Football,Antonio Gates
Football,Jason Witten
Football,Randy Moss
Football,Terrell Owens
Football,Larry Fitzgerald
Football,Calvin Johnson
Football,Marvin Harrison
Football,Isaac Bruce
Football,Tim Brown
Football,Cris Carter
Football,Michael Irvin
Football,Steve Largent
Football,Lynn Swann
Football,John Stallworth
Football,Paul Warfield
Football,Don Hutson
Football,Lance Alworth
Football,Raymond Berry
Football,Art Monk
Football,Andre Reed
Football,Torry Holt
Football,Reggie Wayne
Football,Andre Johnson
Football,Steve Smith Sr.
Football,Hines Ward
Football,Wes Welker
Football,Julian Edelman
Football,Antonio Brown
Football,Julio Jones
Football,Odell Beckham Jr.
Football,Demaryius Thomas
Football,Dez Bryant
Football,A.J. Green
Football,Victor Cruz
Football,Chad Johnson
Football,Brandon Marshall
Football,Jordy Nelson
Football,Marshawn Lynch
Football,LaDainian Tomlinson
Football,Adrian Peterson
Football,Eric Dickerson
Football,Marcus Allen
Football,Tony Dorsett
Football,Earl Campbell
Football,Franco Harris
Football,O.J. Simpson
Football,Thurman Thomas
Football,Curtis Martin
Football,Marshall Faulk
Football,Jerome Bettis
Football,Edgerrin James
Football,Terrell Davis
Football,Priest Holmes
Football,Shaun Alexander
Football,Tiki Barber
Football,Frank Gore
Football,Steven Jackson
Football,Clinton Portis
Football,Chris Johnson
Football,Maurice Jones-Drew
Football,LeSean McCoy
Football,Jamaal Charles
Football,Arian Foster
Football,Le'Veon Bell
Football,Todd Gurley
Football,Ezekiel Elliott
Football,Dalvin Cook
Football,Leonard Fournette
Football,Bo Jackson
Football,Herschel Walker
Football,Ricky Williams
Football,Jim Plunkett
Football,Joe Theismann
Football,Mark Rypien
Football,Phil Simms
Football,Jim McMahon
Football,Bernie Kosar
Football,Vinny Testaverde
Football,Rich Gannon
Football,Trent Dilfer
Football,Drew Bledsoe
Football,Kerry Collins
Football,Jeff George
Football,Chad Pennington
Football,Jake Plummer
Football,Mark Brunell
Football,Steve Beuerlein
Football,Mike Vrabel
Football,Tedy Bruschi
Football,Willie McGinest
Football,Ty Law
Football,Asante Samuel
Football,Patrick Willis
Football,NaVorro Bowman
Football,Luke Kuechly
Football,Clay Matthews
Football,Brian Urlacher
Football,London Fletcher
Football,Zach Thomas
Football,Derrick Brooks
Football,John Lynch
Football,Ronde Barber
Football,Mike Alstott
Football,Warrick Dunn
Football,Keyshawn Johnson
Football,Joey Porter
Football,James Harrison
Football,LaMarr Woodley
Football,Earl Thomas
Football,Richard Sherman
Football,Kam Chancellor
Football,Doug Baldwin
Football,Jimmy Graham
Football,Marques Colston
Football,Reggie Bush
Football,Mark Ingram
Football,Michael Thomas
Football,Teddy Bridgewater
Football,Jameis Winston
Football,Marcus Mariota
Football,Carson Wentz
Football,Deshaun Watson
Football,Mitchell Trubisky
Football,Sam Darnold
Football,Josh Rosen
Football,Daniel Jones
Football,Kenny Pickett
Football,Mac Jones
Football,Zach Wilson
Football,Trey Lance
Football,Desmond Ridder
Football,Malik Willis
Football,Sam Howell
Football,Aidan O'Connell
Football,Hendon Hooker
Football,Stetson Bennett
Football,Tank Bigsby
Football,Jahan Dotson
Football,Treylon Burks
Football,Wan'Dale Robinson
Football,Skyy Moore
Football,Christian Watson
Football,Romeo Doubs
Football,Jalen Tolbert
Football,Jaylon Johnson
Football,Isaiah Spiller
Football,Dameon Pierce
Football,Tyler Allgeier
Football,Zamir White
Football,Jaylen Reed
Football,Ollie Gordon II
Football,Kaleb Johnson
Football,RJ Harvey
Football,Cam Skattebo
Football,Bhayshul Tuten
Football,Jayden Higgins
Football,Kyle Williams
Football,Jack Bech
Football,Tre Harris
Football,Mason Taylor
Football,Elijah Arroyo
Football,Harold Fannin Jr.
Football,Will Johnson
Football,Jahdae Barron
Football,Shemar Stewart
Football,Mykel Williams
Football,Jalon Walker
Football,Kenneth Grant
Football,Walter Nolen
Football,Derrick Harmon
Football,Armand Membou
Football,Will Campbell
Football,Kelvin Banks Jr.
Hockey,Connor McDavid
Hockey,Leon Draisaitl
Hockey,Nathan MacKinnon
Hockey,Cale Makar
Hockey,Auston Matthews
Hockey,Mitch Marner
Hockey,William Nylander
Hockey,Nikita Kucherov
Hockey,Andrei Vasilevskiy
Hockey,Victor Hedman
Hockey,Brayden Point
Hockey,Steven Stamkos
Hockey,Sidney Crosby
Hockey,Evgeni Malkin
Hockey,Kris Letang
Hockey,Alex Ovechkin
Hockey,Connor Bedard
Hockey,Macklin Celebrini
Hockey,Matvei Michkov
Hockey,Ivan Demidov
Hockey,Lane Hutson
Hockey,Juraj Slafkovsky
Hockey,Cole Caufield
Hockey,Nick Suzuki
Hockey,Jack Hughes
Hockey,Quinn Hughes
Hockey,Luke Hughes
Hockey,Jesper Bratt
Hockey,Nico Hischier
Hockey,Timo Meier
Hockey,Elias Pettersson
Hockey,J.T. Miller
Hockey,Thatcher Demko
Hockey,Brock Boeser
Hockey,David Pastrnak
Hockey,Brad Marchand
Hockey,Charlie McAvoy
Hockey,Jeremy Swayman
Hockey,Matthew Tkachuk
Hockey,Brady Tkachuk
Hockey,Aleksander Barkov
Hockey,Sam Reinhart
Hockey,Sergei Bobrovsky
Hockey,Jack Eichel
Hockey,Mark Stone
Hockey,Adin Hill
Hockey,Kirill Kaprizov
Hockey,Matt Boldy
Hockey,Brock Faber
Hockey,Jason Robertson
Hockey,Roope Hintz
Hockey,Miro Heiskanen
Hockey,Jake Oettinger
Hockey,Wyatt Johnston
Hockey,Mikko Rantanen
Hockey,Artemi Panarin
Hockey,Adam Fox
Hockey,Igor Shesterkin
Hockey,Mika Zibanejad
Hockey,Chris Kreider
Hockey,Alexis Lafreniere
Hockey,Kyle Connor
Hockey,Connor Hellebuyck
Hockey,Mark Scheifele
Hockey,Josh Morrissey
Hockey,Nikolaj Ehlers
Hockey,Tage Thompson
Hockey,Rasmus Dahlin
Hockey,Owen Power
Hockey,Dylan Cozens
Hockey,Zach Hyman
Hockey,Evan Bouchard
Hockey,Stuart Skinner
Hockey,Sebastian Aho
Hockey,Andrei Svechnikov
Hockey,Seth Jarvis
Hockey,Jaccob Slavin
Hockey,Martin Necas
Hockey,Dylan Larkin
Hockey,Moritz Seider
Hockey,Lucas Raymond
Hockey,Alex DeBrincat
Hockey,Simon Edvinsson
Hockey,Tim Stutzle
Hockey,Jake Sanderson
Hockey,Thomas Chabot
Hockey,Clayton Keller
Hockey,Logan Cooley
Hockey,Dylan Guenther
Hockey,Mikhail Sergachev
Hockey,Adrian Kempe
Hockey,Anze Kopitar
Hockey,Kevin Fiala
Hockey,Quinton Byfield
Hockey,Drew Doughty
Hockey,Troy Terry
Hockey,Leo Carlsson
Hockey,Cutter Gauthier
Hockey,Mason McTavish
Hockey,Trevor Zegras
Hockey,Jamie Drysdale
Hockey,Filip Forsberg
Hockey,Roman Josi
Hockey,Juuse Saros
Hockey,Jonathan Marchessault
Hockey,Robert Thomas
Hockey,Jordan Kyrou
Hockey,Pavel Buchnevich
Hockey,Jordan Binnington
Hockey,Travis Konecny
Hockey,Sean Couturier
Hockey,Owen Tippett
Hockey,Jamie Benn
Hockey,Tyler Seguin
Hockey,Nazem Kadri
Hockey,Jonathan Huberdeau
Hockey,Elias Lindholm
Hockey,Johnny Gaudreau
Hockey,Zach Werenski
Hockey,Adam Fantilli
Hockey,Kent Johnson
Hockey,Yegor Chinakhov
Hockey,Will Smith
Hockey,William Eklund
Hockey,Tomas Hertl
Hockey,Logan Stankoven
Hockey,Matty Beniers
Hockey,Shane Wright
Hockey,Jared McCann
Hockey,Jordan Eberle
Hockey,Vince Dunn
Hockey,Philipp Grubauer
Hockey,Joey Daccord
Hockey,Evgeny Kuznetsov
Hockey,Dmitry Orlov
Hockey,Tom Wilson
Hockey,John Carlson
Hockey,Dylan Strome
Hockey,Pierre-Luc Dubois
Hockey,Logan Thompson
Hockey,Charlie Lindgren
Hockey,Morgan Rielly
Hockey,John Tavares
Hockey,Jake DeBrusk
Hockey,Taylor Hall
Hockey,Nick Foligno
Hockey,Seth Jones
Hockey,Frank Nazar
Hockey,Kevin Korchinski
Hockey,Artyom Levshunov
Hockey,Gavin McKenna
Hockey,Michael Misa
Hockey,Matthew Schaefer
Hockey,James Hagens
Hockey,Porter Martone
Hockey,Anton Frondell
Hockey,Zeev Buium
Hockey,Zayne Parekh
Hockey,Berkly Catton
Hockey,Cayden Lindstrom
Hockey,Sam Dickinson
Hockey,Tij Iginla
Hockey,Beckett Sennecke
Hockey,Carter Yakemchuk
Hockey,Ryan Leonard
Hockey,Gabe Perreault
Hockey,Oliver Moore
Hockey,Brad Lambert
Hockey,Cole Perfetti
Hockey,Rutger McGroarty
Hockey,Isaac Howard
Hockey,Wayne Gretzky
Hockey,Mario Lemieux
Hockey,Gordie Howe
Hockey,Bobby Orr
Hockey,Maurice Richard
Hockey,Jean Beliveau
Hockey,Guy Lafleur
Hockey,Mark Messier
Hockey,Jaromir Jagr
Hockey,Steve Yzerman
Hockey,Patrick Roy
Hockey,Martin Brodeur
Hockey,Dominik Hasek
Hockey,Terry Sawchuk
Hockey,Ken Dryden
Hockey,Glenn Hall
Hockey,Jacques Plante
Hockey,Bobby Hull
Hockey,Brett Hull
Hockey,Phil Esposito
Hockey,Tony Esposito
Hockey,Stan Mikita
Hockey,Mike Bossy
Hockey,Bryan Trottier
Hockey,Denis Potvin
Hockey,Ray Bourque
Hockey,Paul Coffey
Hockey,Nicklas Lidstrom
Hockey,Chris Chelios
Hockey,Larry Robinson
Hockey,Scott Stevens
Hockey,Scott Niedermayer
Hockey,Chris Pronger
Hockey,Al MacInnis
Hockey,Brian Leetch
Hockey,Joe Sakic
Hockey,Peter Forsberg
Hockey,Teemu Selanne
Hockey,Paul Kariya
Hockey,Eric Lindros
Hockey,Pavel Bure
Hockey,Sergei Fedorov
Hockey,Brendan Shanahan
Hockey,Joe Thornton
Hockey,Jarome Iginla
Hockey,Marian Hossa
Hockey,Mats Sundin
Hockey,Daniel Alfredsson
Hockey,Henrik Lundqvist
Hockey,Henrik Sedin
Hockey,Daniel Sedin
Hockey,Roberto Luongo
Hockey,Carey Price
Hockey,Marc-Andre Fleury
Hockey,Pekka Rinne
Hockey,Ryan Miller
Hockey,Tim Thomas
Hockey,Jonathan Quick
Hockey,Tuukka Rask
Hockey,Zdeno Chara
Hockey,Patrice Bergeron
Hockey,Pavel Datsyuk
Hockey,Henrik Zetterberg
Hockey,Jonathan Toews
Hockey,Patrick Kane
Hockey,Duncan Keith
Hockey,Marian Gaborik
Hockey,Ilya Kovalchuk
Hockey,Rick Nash
Hockey,Vincent Lecavalier
Hockey,Martin St. Louis
Hockey,Jeremy Roenick
Hockey,Mike Modano
Hockey,Luc Robitaille
Hockey,Marcel Dionne
Hockey,Dale Hawerchuk
Hockey,Denis Savard
Hockey,Peter Stastny
Hockey,Gilbert Perreault
Hockey,Darryl Sittler
Hockey,Lanny McDonald
Hockey,Grant Fuhr
Hockey,Billy Smith
Hockey,Ed Belfour
Hockey,Curtis Joseph
Hockey,Mike Richter
Hockey,John Vanbiesbrouck
Hockey,Felix Potvin
Hockey,Cam Neely
Hockey,Doug Gilmour
Hockey,Adam Oates
Hockey,Pat LaFontaine
Hockey,Mark Recchi
Hockey,Joe Nieuwendyk
Hockey,Brian Rolston
Hockey,Keith Tkachuk
Hockey,Owen Nolan
Hockey,Theoren Fleury
Hockey,Mike Gartner
Hockey,Dino Ciccarelli
Hockey,Bernie Nicholls
Hockey,Ron Francis
Hockey,Rod Brind'Amour
Hockey,Eric Staal
Hockey,Jordan Staal
Hockey,Ryan Getzlaf
Hockey,Corey Perry
Hockey,Shea Weber
Hockey,P.K. Subban
Hockey,Erik Karlsson
Hockey,Brent Burns
Hockey,John Klingberg
Hockey,Ryan Suter
Hockey,Zach Parise
Hockey,Phil Kessel
Hockey,Claude Giroux
Hockey,Jakub Voracek
Hockey,Ryan Nugent-Hopkins
Hockey,Nail Yakupov
Hockey,Gabriel Landeskog
Hockey,Matt Duchene
Hockey,Tyler Toffoli
Hockey,Jeff Carter
Hockey,Mike Richards
Hockey,Dustin Brown
Hockey,Marc Staal
Hockey,Rick DiPietro
Hockey,Mathew Barzal
Hockey,Noah Dobson
Hockey,Ilya Sorokin
Hockey,Bo Horvat
Hockey,Anders Lee
Hockey,Sam Bennett
Hockey,Aaron Ekblad
Hockey,Gustav Forsling
Hockey,Carter Verhaeghe
Hockey,Sam Montembeault
Hockey,Kirby Dach
Hockey,Patrik Laine
Hockey,Mike Matheson
Hockey,Brendan Gallagher
Hockey,Jake Guentzel
Hockey,Bryan Rust
Hockey,Rickard Rakell
Hockey,Tristan Jarry
Hockey,Joel Farabee
Hockey,Travis Sanheim
Hockey,Cam York
Hockey,Samuel Ersson
Hockey,Morgan Frost
Hockey,Brandon Hagel
Hockey,Anthony Cirelli
Hockey,Jake Walman
Hockey,Shayne Gostisbehere
Hockey,Filip Hronek
Hockey,Conor Garland
Hockey,Vasily Podkolzin
Hockey,Nils Hoglander
Hockey,Kevin Lankinen
Hockey,Mattias Ekholm
Hockey,Darnell Nurse
Hockey,Viktor Arvidsson
Hockey,Calvin Pickard
Hockey,Jake Allen
Hockey,Kaapo Kakko
Hockey,K'Andre Miller
Hockey,Vincent Trocheck
Hockey,Braden Schneider
Hockey,Jonathan Drouin
Hockey,Valeri Nichushkin
Hockey,Devon Toews
Hockey,Mackenzie Blackwood
Hockey,Casey Mittelstadt
Hockey,Artturi Lehkonen
Hockey,Ross Colton
Hockey,Brock Nelson
Hockey,Jack Roslovic
Hockey,Frederik Andersen
Hockey,Pyotr Kochetkov
Hockey,Jordan Martinook
Hockey,Dmitry Voronkov
Hockey,Kirill Marchenko
Hockey,Elvis Merzlikins
Hockey,Sean Monahan
Hockey,Boone Jenner
Hockey,Nikita Zadorov
Hockey,Hampus Lindholm
Hockey,Pavel Zacha
Hockey,Morgan Geekie
Hockey,Charlie Coyle
Hockey,Joonas Korpisalo
Hockey,Linus Ullmark
Hockey,Josh Norris
Hockey,Drake Batherson
Hockey,Shane Pinto
Hockey,Rasmus Andersson
Hockey,Dustin Wolf
Hockey,MacKenzie Weegar
Hockey,Matt Coronato
Hockey,Connor Zary
Hockey,Yegor Sharangovich
Hockey,Jakob Pelletier
Hockey,Zach Benson
Hockey,JJ Peterka
Hockey,Jack Quinn
Hockey,Ukko-Pekka Luukkonen
Hockey,Mattias Samuelsson
Hockey,Bowen Byram
Hockey,Jeff Skinner
Hockey,Alex Tuch
Hockey,Ryan McLeod
Hockey,Marco Rossi
Hockey,Joel Eriksson Ek
Hockey,Filip Gustavsson
Hockey,Mats Zuccarello
Hockey,Marcus Johansson
Hockey,Jared Spurgeon
Hockey,Mikael Granlund
Hockey,Mario Ferraro
Hockey,Ty Dellandrea
Hockey,Alexander Mogilny
Hockey,Sergei Zubov
Hockey,Vladimir Konstantinov
Hockey,Igor Larionov
Hockey,Slava Fetisov
Hockey,Vladislav Tretiak
Hockey,Alexei Kovalev
Hockey,Alexander Radulov
Hockey,Evgeni Nabokov
Hockey,Semyon Varlamov
Hockey,Ilya Bryzgalov
Hockey,Nikolai Khabibulin
Hockey,Saku Koivu
Hockey,Mikko Koivu
Hockey,Jari Kurri
Hockey,Esa Tikkanen
Hockey,Glenn Anderson
Hockey,Kevin Lowe
Hockey,Bill Ranford
Hockey,Wendel Clark
Hockey,Tie Domi
Hockey,Bob Probert
Hockey,Chris Nilan
Hockey,Dave Schultz
Hockey,Bobby Clarke
Hockey,Bernie Parent
Hockey,Reggie Leach
Hockey,Rick MacLeish
Hockey,Tim Kerr
Hockey,Ron Hextall
Hockey,John LeClair
Hockey,Eric Desjardins
Hockey,Rod Langway
Hockey,Dale Hunter
Hockey,Peter Bondra
Hockey,Olaf Kolzig
Hockey,Alexander Semin
Hockey,Nicklas Backstrom
Hockey,Mike Green
Hockey,Braden Holtby
Hockey,T.J. Oshie
Hockey,Sergei Gonchar
Hockey,Dan Boyle
Hockey,Joe Pavelski
Hockey,Patrick Marleau
Hockey,Logan Couture
Hockey,Chris Kunitz
Hockey,Pascal Dupuis
Hockey,Matt Murray
Hockey,Brian Campbell
Hockey,Patrick Sharp
Hockey,Corey Crawford
Hockey,Brent Seabrook
Hockey,Niklas Hjalmarsson
Hockey,Andrew Shaw
Hockey,Nick Schmaltz
Hockey,Lukas Reichel
Hockey,Tyler Bertuzzi
Hockey,Gustav Nyquist
Hockey,Tomas Tatar
Hockey,Darren Helm
Hockey,Justin Abdelkader
Hockey,Jimmy Howard
Hockey,Chris Osgood
Hockey,Mike Vernon
Hockey,Kris Draper
Hockey,Kirk Maltby
Hockey,Darren McCarty
Hockey,Tomas Holmstrom
Hockey,Johan Franzen
Hockey,Valtteri Filppula
Hockey,Jonathan Ericsson
Hockey,Danny DeKeyser
Hockey,Filip Zadina
Hockey,Joe Veleno
Hockey,Michael Rasmussen
Hockey,Dylan Holloway
Hockey,Jake Neighbours
Hockey,Colton Parayko
Hockey,Justin Faulk
Hockey,Ryan O'Reilly
Hockey,Vladimir Tarasenko
Hockey,Alex Pietrangelo
Hockey,David Perron
Hockey,Jaden Schwartz
Hockey,Brayden Schenn
Hockey,Joel Hofer
Hockey,Zachary Bolduc
Hockey,Jimmy Snuggerud
Hockey,Adam Larsson
Hockey,Eeli Tolvanen
Hockey,Yanni Gourde
Hockey,Chandler Stephenson
Hockey,Brandon Montour
Hockey,Oliver Bjorkstrand
Hockey,Kaapo Kahkonen
Hockey,Jeremy Lauzon
Hockey,Ryan Johansen
Soccer,Lionel Messi
Soccer,Cristiano Ronaldo
Soccer,Kylian Mbappe
Soccer,Erling Haaland
Soccer,Jude Bellingham
Soccer,Vinicius Junior
Soccer,Rodrygo
Soccer,Kevin De Bruyne
Soccer,Mohamed Salah
Soccer,Harry Kane
Soccer,Bukayo Saka
Soccer,Phil Foden
Soccer,Declan Rice
Soccer,Martin Odegaard
Soccer,Bruno Fernandes
Soccer,Marcus Rashford
Soccer,Kobbie Mainoo
Soccer,Alejandro Garnacho
Soccer,Lamine Yamal
Soccer,Pedri
Soccer,Gavi
Soccer,Robert Lewandowski
Soccer,Raphinha
Soccer,Frenkie de Jong
Soccer,Antoine Griezmann
Soccer,Jamal Musiala
Soccer,Florian Wirtz
Soccer,Leroy Sane
Soccer,Joshua Kimmich
Soccer,Thomas Muller
Soccer,Manuel Neuer
Soccer,Kai Havertz
Soccer,Ilkay Gundogan
Soccer,Toni Kroos
Soccer,Luka Modric
Soccer,Federico Valverde
Soccer,Aurelien Tchouameni
Soccer,Eduardo Camavinga
Soccer,Thibaut Courtois
Soccer,Antonio Rudiger
Soccer,Virgil van Dijk
Soccer,Trent Alexander-Arnold
Soccer,Alisson Becker
Soccer,Darwin Nunez
Soccer,Luis Diaz
Soccer,Cody Gakpo
Soccer,Alexis Mac Allister
Soccer,Dominik Szoboszlai
Soccer,Ryan Gravenberch
Soccer,Son Heung-min
Soccer,James Maddison
Soccer,Cole Palmer
Soccer,Enzo Fernandez
Soccer,Moises Caicedo
Soccer,Nicolas Jackson
Soccer,Reece James
Soccer,Raheem Sterling
Soccer,Ollie Watkins
Soccer,Emiliano Martinez
Soccer,Alexander Isak
Soccer,Anthony Gordon
Soccer,Bruno Guimaraes
Soccer,Rodri
Soccer,Bernardo Silva
Soccer,Jack Grealish
Soccer,Ruben Dias
Soccer,Josko Gvardiol
Soccer,Ederson
Soccer,Julian Alvarez
Soccer,Lautaro Martinez
Soccer,Nicolo Barella
Soccer,Hakan Calhanoglu
Soccer,Victor Osimhen
Soccer,Khvicha Kvaratskhelia
Soccer,Rafael Leao
Soccer,Theo Hernandez
Soccer,Dusan Vlahovic
Soccer,Federico Chiesa
Soccer,Paulo Dybala
Soccer,Romelu Lukaku
Soccer,Ousmane Dembele
Soccer,Achraf Hakimi
Soccer,Gianluigi Donnarumma
Soccer,Marquinhos
Soccer,Neymar
Soccer,Karim Benzema
Soccer,N'Golo Kante
Soccer,Paul Pogba
Soccer,Riyad Mahrez
Soccer,Sadio Mane
Soccer,Bradley Barcola
Soccer,Warren Zaire-Emery
Soccer,Joao Neves
Soccer,Vitinha
Soccer,Viktor Gyokeres
Soccer,Xavi Simons
Soccer,Christian Pulisic
Soccer,Weston McKennie
Soccer,Tyler Adams
Soccer,Gio Reyna
Soccer,Timothy Weah
Soccer,Sergino Dest
Soccer,Folarin Balogun
Soccer,Ricardo Pepi
Soccer,Antonee Robinson
Soccer,Matt Turner
Soccer,Yunus Musah
Soccer,Brenden Aaronson
Soccer,Josh Sargent
Soccer,Clint Dempsey
Soccer,Landon Donovan
Soccer,Tim Howard
Soccer,Michael Bradley
Soccer,Jozy Altidore
Soccer,DeAndre Yedlin
Soccer,Alex Morgan
Soccer,Megan Rapinoe
Soccer,Mia Hamm
Soccer,Abby Wambach
Soccer,Carli Lloyd
Soccer,Sophia Smith
Soccer,Trinity Rodman
Soccer,Mallory Swanson
Soccer,Lindsey Horan
Soccer,Rose Lavelle
Soccer,Naomi Girma
Soccer,Alexia Putellas
Soccer,Aitana Bonmati
Soccer,Sam Kerr
Soccer,Ada Hegerberg
Soccer,Marta
Soccer,Pele
Soccer,Diego Maradona
Soccer,Johan Cruyff
Soccer,Franz Beckenbauer
Soccer,Zinedine Zidane
Soccer,Ronaldo Nazario
Soccer,Ronaldinho
Soccer,Kaka
Soccer,Thierry Henry
Soccer,David Beckham
Soccer,Wayne Rooney
Soccer,Steven Gerrard
Soccer,Frank Lampard
Soccer,Paul Scholes
Soccer,Ryan Giggs
Soccer,Eric Cantona
Soccer,Alan Shearer
Soccer,Michael Owen
Soccer,Gary Lineker
Soccer,Bobby Charlton
Soccer,George Best
Soccer,Bobby Moore
Soccer,Kenny Dalglish
Soccer,Ian Rush
Soccer,Dennis Bergkamp
Soccer,Patrick Vieira
Soccer,Robert Pires
Soccer,Cesc Fabregas
Soccer,Xavi Hernandez
Soccer,Andres Iniesta
Soccer,Carles Puyol
Soccer,Gerard Pique
Soccer,Sergio Ramos
Soccer,Iker Casillas
Soccer,Raul Gonzalez
Soccer,Fernando Torres
Soccer,David Villa
Soccer,Xabi Alonso
Soccer,Sergio Busquets
Soccer,Jordi Alba
Soccer,Luis Suarez
Soccer,Edinson Cavani
Soccer,Diego Forlan
Soccer,Zlatan Ibrahimovic
Soccer,Andrea Pirlo
Soccer,Paolo Maldini
Soccer,Franco Baresi
Soccer,Alessandro Del Piero
Soccer,Francesco Totti
Soccer,Roberto Baggio
Soccer,Gianluigi Buffon
Soccer,Fabio Cannavaro
Soccer,Alessandro Nesta
Soccer,Andriy Shevchenko
Soccer,Marco van Basten
Soccer,Ruud Gullit
Soccer,Frank Rijkaard
Soccer,Ruud van Nistelrooy
Soccer,Robin van Persie
Soccer,Arjen Robben
Soccer,Wesley Sneijder
Soccer,Michael Laudrup
Soccer,Peter Schmeichel
Soccer,Oliver Kahn
Soccer,Michael Ballack
Soccer,Miroslav Klose
Soccer,Lothar Matthaus
Soccer,Gerd Muller
Soccer,Jurgen Klinsmann
Soccer,Philipp Lahm
Soccer,Bastian Schweinsteiger
Soccer,Mesut Ozil
Soccer,Marco Reus
Soccer,Mats Hummels
Soccer,Ivan Rakitic
Soccer,Mario Mandzukic
Soccer,Didier Drogba
Soccer,Samuel Eto'o
Soccer,Yaya Toure
Soccer,Michael Essien
Soccer,George Weah
Soccer,Jay-Jay Okocha
Soccer,Hristo Stoichkov
Soccer,Luis Figo
Soccer,Rui Costa
Soccer,Eusebio
Soccer,Alfredo Di Stefano
Soccer,Ferenc Puskas
Soccer,Lev Yashin
Soccer,Michel Platini
Soccer,Just Fontaine
Soccer,Garrincha
Soccer,Zico
Soccer,Socrates
Soccer,Romario
Soccer,Rivaldo
Soccer,Cafu
Soccer,Roberto Carlos
Soccer,Dani Alves
Soccer,Thiago Silva
Soccer,Casemiro
Soccer,Fabinho
Soccer,Gabriel Jesus
Soccer,Richarlison
Soccer,Gabriel Martinelli
Soccer,Raphael Varane
Soccer,Hugo Lloris
Soccer,Olivier Giroud
Soccer,William Saliba
Soccer,Gabriel Magalhaes
Soccer,Ben White
Soccer,Aaron Ramsdale
Soccer,David Raya
Soccer,Leandro Trossard
Soccer,Mikel Merino
Soccer,Riccardo Calafiori
Soccer,Jurrien Timber
Soccer,Oleksandr Zinchenko
Soccer,Thomas Partey
Soccer,Jorginho
Soccer,Emile Smith Rowe
Soccer,Eddie Nketiah
Soccer,Mason Mount
Soccer,Andre Onana
Soccer,Lisandro Martinez
Soccer,Harry Maguire
Soccer,Rasmus Hojlund
Soccer,Joshua Zirkzee
Soccer,Amad Diallo
Soccer,Luke Shaw
Soccer,Diogo Dalot
Soccer,Jadon Sancho
Soccer,Antony
Soccer,Mason Greenwood
Soccer,Scott McTominay
Soccer,Jarrod Bowen
Soccer,Mohammed Kudus
Soccer,Lucas Paqueta
Soccer,Eberechi Eze
Soccer,Michael Olise
Soccer,Marc Guehi
Soccer,Jordan Pickford
Soccer,Dominic Calvert-Lewin
Soccer,Jarrad Branthwaite
Soccer,Morgan Gibbs-White
Soccer,Chris Wood
Soccer,Bryan Mbeumo
Soccer,Yoane Wissa
Soccer,Matheus Cunha
Soccer,Pedro Neto
Soccer,Joao Palhinha
Soccer,Aleksandar Mitrovic
Soccer,Dejan Kulusevski
Soccer,Micky van de Ven
Soccer,Cristian Romero
Soccer,Guglielmo Vicario
Soccer,Pedro Porro
Soccer,Destiny Udogie
Soccer,Dominic Solanke
Soccer,Brennan Johnson
Soccer,Kaoru Mitoma
Soccer,Evan Ferguson
Soccer,Joao Pedro
Soccer,Takefusa Kubo
Soccer,Takumi Minamino
Soccer,Wataru Endo
Soccer,Hidetoshi Nakata
Soccer,Shinji Kagawa
Soccer,Park Ji-sung
Soccer,Kim Min-jae
Soccer,Lee Kang-in
Soccer,Hirving Lozano
Soccer,Raul Jimenez
Soccer,Santiago Gimenez
Soccer,Edson Alvarez
Soccer,Guillermo Ochoa
Soccer,Javier Hernandez
Soccer,Rafael Marquez
Soccer,Carlos Vela
Soccer,Alphonso Davies
Soccer,Jonathan David
Soccer,Cyle Larin
Soccer,Lorenzo Insigne
Soccer,Federico Bernardeschi
Soccer,Lucas Zelarayan
Soccer,Thiago Almada
Soccer,Luciano Acosta
Soccer,Cucho Hernandez
Soccer,Denis Bouanga
Soccer,Sebastian Driussi
Soccer,Riqui Puig
Soccer,Hany Mukhtar
Soccer,Josef Martinez
Soccer,Gareth Bale
Soccer,Carlos Tevez
Soccer,Sergio Aguero
Soccer,Angel Di Maria
Soccer,Javier Mascherano
Soccer,Gonzalo Higuain
Soccer,Juan Roman Riquelme
Soccer,Gabriel Batistuta
Soccer,Hernan Crespo
Soccer,Alexis Sanchez
Soccer,Arturo Vidal
Soccer,Radamel Falcao
Soccer,James Rodriguez
Soccer,Carlos Valderrama
Soccer,Jhon Duran
Soccer,Rodrigo De Paul
Soccer,Nicolas Otamendi
Soccer,Leandro Paredes
Soccer,Giovani Lo Celso
Soccer,Emiliano Buendia
Soccer,Nicolas Tagliafico
Soccer,Hakim Ziyech
Soccer,Yassine Bounou
Soccer,Sofyan Amrabat
Soccer,Youssef En-Nesyri
Soccer,Mohamed Elneny
Soccer,Omar Marmoush
Soccer,Victor Boniface
Soccer,Ademola Lookman
Soccer,Wilfred Ndidi
Soccer,Kelechi Iheanacho
Soccer,Serhou Guirassy
Soccer,Jeremie Frimpong
Soccer,Granit Xhaka
Soccer,Alejandro Grimaldo
Soccer,Jonathan Tah
Soccer,Piero Hincapie
Soccer,Patrik Schick
Soccer,Benjamin Sesko
Soccer,Lois Openda
Soccer,Dani Olmo
Soccer,Nico Williams
Soccer,Inaki Williams
Soccer,Mikel Oyarzabal
Soccer,Alvaro Morata
Soccer,Rodri Hernandez
Soccer,Fermin Lopez
Soccer,Pau Cubarsi
Soccer,Marc-Andre ter Stegen
Soccer,Ronald Araujo
Soccer,Jules Kounde
Soccer,Alejandro Balde
Soccer,Dani Carvajal
Soccer,Ferland Mendy
Soccer,Eder Militao
Soccer,David Alaba
Soccer,Endrick
Soccer,Arda Guler
Soccer,Brahim Diaz
Soccer,Kenan Yildiz
Soccer,Teun Koopmeiners
Soccer,Mateo Retegui
Soccer,Charles De Ketelaere
Soccer,Christian Eriksen
Soccer,Sergej Milinkovic-Savic
Soccer,Dusan Tadic
Golf,Tiger Woods
Golf,Jack Nicklaus
Golf,Arnold Palmer
Golf,Gary Player
Golf,Ben Hogan
Golf,Sam Snead
Golf,Bobby Jones
Golf,Byron Nelson
Golf,Walter Hagen
Golf,Gene Sarazen
Golf,Tom Watson
Golf,Lee Trevino
Golf,Seve Ballesteros
Golf,Nick Faldo
Golf,Greg Norman
Golf,Phil Mickelson
Golf,Ernie Els
Golf,Vijay Singh
Golf,Rory McIlroy
Golf,Scottie Scheffler
Golf,Jon Rahm
Golf,Brooks Koepka
Golf,Dustin Johnson
Golf,Jordan Spieth
Golf,Justin Thomas
Golf,Xander Schauffele
Golf,Collin Morikawa
Golf,Patrick Cantlay
Golf,Viktor Hovland
Golf,Ludvig Aberg
Golf,Tommy Fleetwood
Golf,Shane Lowry
Golf,Matt Fitzpatrick
Golf,Tyrrell Hatton
Golf,Wyndham Clark
Golf,Max Homa
Golf,Tony Finau
Golf,Sam Burns
Golf,Hideki Matsuyama
Golf,Cameron Smith
Golf,Adam Scott
Golf,Jason Day
Golf,Bryson DeChambeau
Golf,Joaquin Niemann
Golf,Sergio Garcia
Golf,Justin Rose
Golf,Rickie Fowler
Golf,Bubba Watson
Golf,Zach Johnson
Golf,Jim Furyk
Golf,Keegan Bradley
Golf,Webb Simpson
Golf,Patrick Reed
Golf,Tom Kim
Golf,Sungjae Im
Golf,Si Woo Kim
Golf,Min Woo Lee
Golf,Cameron Young
Golf,Sahith Theegala
Golf,Russell Henley
Golf,Brian Harman
Golf,Akshay Bhatia
Golf,Nick Dunlap
Golf,Nicolai Hojgaard
Golf,Rasmus Hojgaard
Golf,Robert MacIntyre
Golf,Aaron Rai
Golf,Sepp Straka
Golf,Corey Conners
Golf,Taylor Pendrith
Golf,Nick Taylor
Golf,Adam Hadwin
Golf,Mackenzie Hughes
Golf,Denny McCarthy
Golf,Chris Kirk
Golf,Billy Horschel
Golf,Harris English
Golf,Kevin Kisner
Golf,Kevin Na
Golf,Lucas Glover
Golf,Stewart Cink
Golf,Davis Love III
Golf,Fred Couples
Golf,David Duval
Golf,Paul Azinger
Golf,Payne Stewart
Golf,Curtis Strange
Golf,Hale Irwin
Golf,Raymond Floyd
Golf,Johnny Miller
Golf,Tom Kite
Golf,Ben Crenshaw
Golf,Hal Sutton
Golf,Mark O'Meara
Golf,Tom Lehman
Golf,Corey Pavin
Golf,Larry Nelson
Golf,Lanny Wadkins
Golf,Fuzzy Zoeller
Golf,Craig Stadler
Golf,Mark Calcavecchia
Golf,John Daly
Golf,Colin Montgomerie
Golf,Padraig Harrington
Golf,Darren Clarke
Golf,Lee Westwood
Golf,Ian Poulter
Golf,Luke Donald
Golf,Henrik Stenson
Golf,Martin Kaymer
Golf,Graeme McDowell
Golf,Francesco Molinari
Golf,Bernhard Langer
Golf,Jose Maria Olazabal
Golf,Sandy Lyle
Golf,Ian Woosnam
Golf,Retief Goosen
Golf,Louis Oosthuizen
Golf,Charl Schwartzel
Golf,Trevor Immelman
Golf,Angel Cabrera
Golf,Geoff Ogilvy
Golf,Stuart Appleby
Golf,Aaron Baddeley
Golf,Marc Leishman
Golf,KJ Choi
Golf,Y.E. Yang
Golf,Danny Willett
Golf,Jimmy Walker
Golf,Jason Dufner
Golf,Gary Woodland
Golf,Brandt Snedeker
Golf,Kevin Streelman
Golf,Matt Kuchar
Golf,Charley Hoffman
Golf,Steve Stricker
Golf,Kenny Perry
Golf,Mike Weir
Golf,Chad Campbell
Golf,Hunter Mahan
Golf,Anthony Kim
Golf,Camilo Villegas
Golf,Tommy Armour
Golf,Julius Boros
Golf,Billy Casper
Golf,Tony Lema
Golf,Ken Venturi
Golf,Gene Littler
Golf,Doug Ford
Golf,Cary Middlecoff
Golf,Lloyd Mangrum
Golf,Jimmy Demaret
Golf,Horton Smith
Golf,Craig Wood
Golf,Ralph Guldahl
Golf,Denny Shute
Golf,Harry Vardon
Golf,Old Tom Morris
Golf,Young Tom Morris
Golf,Francis Ouimet
Golf,Peter Thomson
Golf,Bobby Locke
Golf,Roberto De Vicenzo
Golf,Tony Jacklin
Golf,Nick Price
Golf,Mark McCumber
Golf,Steve Elkington
Golf,Jesper Parnevik
Golf,Thomas Bjorn
Golf,Miguel Angel Jimenez
Golf,Paul Casey
Golf,Tommy Gainey
Golf,Pat Perez
Golf,Charles Howell III
Golf,Ryan Palmer
Golf,Harold Varner III
Golf,Talor Gooch
Golf,Abraham Ancer
Golf,Carlos Ortiz
Golf,Dean Burmester
Golf,Branden Grace
Golf,Thomas Pieters
Golf,Marcus Armitage
Golf,Laurie Canter
Golf,Eugenio Chacarra
Golf,Anirban Lahiri
Golf,Peter Uihlein
Golf,Kalle Samooja
Golf,Jinichiro Kozuma
Golf,Ryo Ishikawa
Golf,Shigeki Maruyama
Golf,Isao Aoki
Golf,Masashi Ozaki
Golf,Annika Sorenstam
Golf,Nelly Korda
Golf,Lydia Ko
Golf,Inbee Park
Golf,Lexi Thompson
Golf,Jin Young Ko
Golf,Nancy Lopez
Golf,Babe Didrikson Zaharias
Golf,Mickey Wright
Golf,Kathy Whitworth
Golf,Patty Berg
Golf,Louise Suggs
Golf,Juli Inkster
Golf,Karrie Webb
Golf,Se Ri Pak
Golf,Lorena Ochoa
Golf,Yani Tseng
Golf,Paula Creamer
Golf,Michelle Wie
Golf,Stacy Lewis
Golf,Cristie Kerr
Golf,Brooke Henderson
Golf,Minjee Lee
Golf,Hannah Green
Golf,Atthaya Thitikul
Golf,Charley Hull
Golf,Georgia Hall
Golf,Celine Boutier
Golf,Leona Maguire
Golf,Ariya Jutanugarn
Golf,Danielle Kang
Golf,Jessica Korda
Golf,Rose Zhang
Golf,Lilia Vu
Golf,Allisen Corpuz
Golf,Ruoning Yin
Golf,Hyo Joo Kim
Golf,Sei Young Kim
Golf,So Yeon Ryu
Golf,Amy Yang
Golf,Megan Khang
Golf,Nasa Hataoka
Golf,Ayaka Furue
Golf,Yuka Saso
Golf,Jeeno Thitikul
Golf,Andrea Lee
Golf,Angel Yin
Golf,Brittany Lincicome
Golf,Morgan Pressel
Golf,Natalie Gulbis
Golf,Laura Davies
Golf,Beth Daniel
Golf,Pat Bradley
Golf,Betsy King
Golf,Dottie Pepper
Golf,Meg Mallon
Golf,Patty Sheehan
Golf,Amy Alcott
Golf,JoAnne Carner
Golf,Hollis Stacy
Golf,Rosie Jones
Golf,Sandra Haynie
Golf,Carol Mann
Golf,Jan Stephenson
Golf,Jay Haas
Golf,Bill Haas
Golf,Scott Verplank
Golf,Chris DiMarco
Golf,Justin Leonard
Golf,Tom Pernice Jr.
Golf,Kirk Triplett
Golf,Jerry Kelly
Golf,Steve Flesch
Golf,Rocco Mediate
Golf,Jeff Sluman
Golf,Loren Roberts
Golf,Scott Hoch
Golf,Bob Tway
Golf,Mark Brooks
Golf,Steve Jones
Golf,Lee Janzen
Golf,Scott Simpson
Golf,Andy North
Golf,Jerry Pate
Golf,Hubert Green
Golf,Dave Stockton
Golf,Gil Morgan
Golf,Bruce Lietzke
Golf,Calvin Peete
Golf,Lee Elder
Golf,Charlie Sifford
Golf,Tom Weiskopf
Golf,Johnny Goodman
Golf,Gene Sauers
Golf,Brendon Todd
Golf,Patrick Rodgers
Golf,Beau Hossler
Golf,Kurt Kitayama
Golf,Eric Cole
Golf,J.T. Poston
Golf,Keith Mitchell
Golf,Adam Schenk
Golf,Emiliano Grillo
Golf,Mito Pereira
Golf,Alex Noren
Golf,Ryan Fox
Golf,Victor Perez
Golf,Thorbjorn Olesen
Golf,Matthieu Pavon
Golf,Tom McKibbin
Golf,Tom Hoge
Golf,Andrew Novak
Golf,Davis Thompson
Golf,Jake Knapp
Golf,Stephan Jaeger
Golf,Christiaan Bezuidenhout
Golf,Erik van Rooyen
Golf,Garrick Higgo
Golf,Justin Suh
Golf,Chris Gotterup
Golf,Michael Kim
Golf,Justin Lower
Golf,Max Greyserman
Golf,Nico Echavarria
Golf,Taylor Moore
Golf,Ben Griffin
UFC,Conor McGregor
UFC,Jon Jones
UFC,Khabib Nurmagomedov
UFC,Georges St-Pierre
UFC,Anderson Silva
UFC,Israel Adesanya
UFC,Alex Pereira
UFC,Islam Makhachev
UFC,Alexander Volkanovski
UFC,Max Holloway
UFC,Dustin Poirier
UFC,Justin Gaethje
UFC,Charles Oliveira
UFC,Kamaru Usman
UFC,Leon Edwards
UFC,Belal Muhammad
UFC,Jorge Masvidal
UFC,Nate Diaz
UFC,Nick Diaz
UFC,Colby Covington
UFC,Francis Ngannou
UFC,Stipe Miocic
UFC,Daniel Cormier
UFC,Tom Aspinall
UFC,Ciryl Gane
UFC,Curtis Blaydes
UFC,Sergei Pavlovich
UFC,Jailton Almeida
UFC,Derrick Lewis
UFC,Junior dos Santos
UFC,Cain Velasquez
UFC,Brock Lesnar
UFC,Frank Mir
UFC,Fabricio Werdum
UFC,Alistair Overeem
UFC,Mark Hunt
UFC,Randy Couture
UFC,Chuck Liddell
UFC,Tito Ortiz
UFC,Wanderlei Silva
UFC,Mauricio Rua
UFC,Lyoto Machida
UFC,Rashad Evans
UFC,Quinton Jackson
UFC,Dan Henderson
UFC,Forrest Griffin
UFC,Glover Teixeira
UFC,Jiri Prochazka
UFC,Jamahal Hill
UFC,Magomed Ankalaev
UFC,Jan Blachowicz
UFC,Anthony Smith
UFC,Dominick Reyes
UFC,Thiago Santos
UFC,Aleksandar Rakic
UFC,Khalil Rountree Jr.
UFC,Dricus du Plessis
UFC,Sean Strickland
UFC,Robert Whittaker
UFC,Khamzat Chimaev
UFC,Paulo Costa
UFC,Marvin Vettori
UFC,Jared Cannonier
UFC,Kelvin Gastelum
UFC,Chris Weidman
UFC,Luke Rockhold
UFC,Michael Bisping
UFC,Yoel Romero
UFC,Rich Franklin
UFC,Vitor Belfort
UFC,Nate Marquardt
UFC,Chael Sonnen
UFC,Demian Maia
UFC,Tyron Woodley
UFC,Robbie Lawler
UFC,Johny Hendricks
UFC,Carlos Condit
UFC,Matt Hughes
UFC,BJ Penn
UFC,Frankie Edgar
UFC,Benson Henderson
UFC,Anthony Pettis
UFC,Rafael dos Anjos
UFC,Eddie Alvarez
UFC,Tony Ferguson
UFC,Michael Chandler
UFC,Arman Tsarukyan
UFC,Mateusz Gamrot
UFC,Beneil Dariush
UFC,Rafael Fiziev
UFC,Dan Hooker
UFC,Paddy Pimblett
UFC,Renato Moicano
UFC,Jalin Turner
UFC,Bobby Green
UFC,Ilia Topuria
UFC,Brian Ortega
UFC,Yair Rodriguez
UFC,Arnold Allen
UFC,Josh Emmett
UFC,Calvin Kattar
UFC,Giga Chikadze
UFC,Movsar Evloev
UFC,Diego Lopes
UFC,Chan Sung Jung
UFC,Jose Aldo
UFC,Urijah Faber
UFC,Dominick Cruz
UFC,TJ Dillashaw
UFC,Cody Garbrandt
UFC,Henry Cejudo
UFC,Aljamain Sterling
UFC,Sean O'Malley
UFC,Merab Dvalishvili
UFC,Petr Yan
UFC,Cory Sandhagen
UFC,Umar Nurmagomedov
UFC,Marlon Vera
UFC,Song Yadong
UFC,Deiveson Figueiredo
UFC,Brandon Moreno
UFC,Alexandre Pantoja
UFC,Kai Kara-France
UFC,Brandon Royval
UFC,Demetrious Johnson
UFC,Joseph Benavidez
UFC,Ian Garry
UFC,Shavkat Rakhmonov
UFC,Jack Della Maddalena
UFC,Gilbert Burns
UFC,Stephen Thompson
UFC,Vicente Luque
UFC,Neil Magny
UFC,Geoff Neal
UFC,Kevin Holland
UFC,Sean Brady
UFC,Michael Page
UFC,Joaquin Buckley
UFC,Bo Nickal
UFC,Caio Borralho
UFC,Nassourdine Imavov
UFC,Brendan Allen
UFC,Roman Dolidze
UFC,Jack Hermansson
UFC,Derek Brunson
UFC,Uriah Hall
UFC,Paul Craig
UFC,Volkan Oezdemir
UFC,Johnny Walker
UFC,Ryan Spann
UFC,Carlos Ulberg
UFC,Azamat Murzakanov
UFC,Bogdan Guskov
UFC,Jairzinho Rozenstruik
UFC,Marcin Tybura
UFC,Alexander Volkov
UFC,Chris Daukaus
UFC,Sergey Spivak
UFC,Tai Tuivasa
UFC,Walt Harris
UFC,Shamil Gaziev
UFC,Ronda Rousey
UFC,Amanda Nunes
UFC,Valentina Shevchenko
UFC,Zhang Weili
UFC,Rose Namajunas
UFC,Joanna Jedrzejczyk
UFC,Holly Holm
UFC,Miesha Tate
UFC,Cris Cyborg
UFC,Julianna Pena
UFC,Kayla Harrison
UFC,Raquel Pennington
UFC,Alexa Grasso
UFC,Manon Fiolot
UFC,Erin Blanchfield
UFC,Tatiana Suarez
UFC,Mackenzie Dern
UFC,Jessica Andrade
UFC,Carla Esparza
UFC,Yan Xiaonan
UFC,Marina Rodriguez
UFC,Amanda Lemos
UFC,Tecia Pennington
UFC,Jessica Eye
UFC,Paige VanZant
UFC,Ketlen Vieira
UFC,Irene Aldana
UFC,Germaine de Randamie
UFC,Cat Zingano
UFC,Sara McMann
UFC,Liz Carmouche
UFC,Katlyn Cerminara
UFC,Rachael Ostovich
UFC,Maycee Barber
UFC,Royce Gracie
UFC,Ken Shamrock
UFC,Dan Severn
UFC,Mark Coleman
UFC,Mark Kerr
UFC,Don Frye
UFC,Kimo Leopoldo
UFC,Oleg Taktarov
UFC,Frank Shamrock
UFC,Pat Miletich
UFC,Jens Pulver
UFC,Carlos Newton
UFC,Matt Serra
UFC,Josh Koscheck
UFC,Jon Fitch
UFC,Thiago Alves
UFC,Diego Sanchez
UFC,Kenny Florian
UFC,Sean Sherk
UFC,Joe Lauzon
UFC,Gray Maynard
UFC,Clay Guida
UFC,Jim Miller
UFC,Nik Lentz
UFC,Donald Cerrone
UFC,Edson Barboza
UFC,Kevin Lee
UFC,Al Iaquinta
UFC,Gregor Gillespie
UFC,Dan Ige
UFC,Bryce Mitchell
UFC,Sodiq Yusuff
UFC,Chase Hooper
UFC,Sean Woodson
UFC,Mike Malott
UFC,Muslim Salikhov
UFC,Jon Anik
UFC,Joe Rogan
UFC,Dana White
UFC,Bruce Buffer
UFC,Herb Dean
UFC,Fedor Emelianenko
UFC,Mirko Cro Cop
UFC,Antonio Rodrigo Nogueira
UFC,Kazushi Sakuraba
UFC,Takanori Gomi
UFC,Shinya Aoki
UFC,Gegard Mousasi
UFC,Ben Askren
UFC,Michael Venom Page
UFC,Patricio Pitbull
UFC,Patricky Freire
UFC,AJ McKee
UFC,Ryan Bader
UFC,Vadim Nemkov
UFC,Corey Anderson
UFC,Cedric Doumbe
UFC,Jake Paul
UFC,Logan Paul
UFC,Tyson Fury
UFC,Oleksandr Usyk
UFC,Canelo Alvarez
UFC,Terence Crawford
UFC,Naoya Inoue
UFC,Gervonta Davis
UFC,Floyd Mayweather
UFC,Manny Pacquiao
UFC,Mike Tyson
UFC,Muhammad Ali
UFC,Anthony Joshua
UFC,Deontay Wilder
UFC,Errol Spence Jr.
UFC,Shakur Stevenson
UFC,Ryan Garcia
UFC,Devin Haney
UFC,Teofimo Lopez
UFC,Vasiliy Lomachenko
UFC,Dmitry Bivol
UFC,Artur Beterbiev
UFC,David Benavidez
UFC,Jermell Charlo
UFC,Jermall Charlo
UFC,Oscar De La Hoya
UFC,Sugar Ray Leonard
UFC,Sugar Ray Robinson
UFC,Marvin Hagler
UFC,Thomas Hearns
UFC,Roberto Duran
UFC,Julio Cesar Chavez
UFC,Evander Holyfield
UFC,Lennox Lewis
UFC,George Foreman
UFC,Joe Frazier
UFC,Larry Holmes
UFC,Riddick Bowe
UFC,Roy Jones Jr.
UFC,Bernard Hopkins
UFC,Wladimir Klitschko
UFC,Vitali Klitschko
UFC,Andre Ward
UFC,Gennady Golovkin
UFC,Miguel Cotto
UFC,Juan Manuel Marquez
UFC,Erik Morales
UFC,Marco Antonio Barrera
UFC,Claressa Shields
UFC,Katie Taylor
UFC,Amanda Serrano
UFC,Laila Ali
Wrestling,Hulk Hogan
Wrestling,Stone Cold Steve Austin
Wrestling,The Rock
Wrestling,John Cena
Wrestling,The Undertaker
Wrestling,Shawn Michaels
Wrestling,Bret Hart
Wrestling,Ric Flair
Wrestling,Randy Savage
Wrestling,Andre the Giant
Wrestling,Roddy Piper
Wrestling,Ultimate Warrior
Wrestling,Triple H
Wrestling,Kane
Wrestling,Mick Foley
Wrestling,Mankind
Wrestling,Cactus Jack
Wrestling,Dude Love
Wrestling,Edge
Wrestling,Christian
Wrestling,Chris Jericho
Wrestling,Kurt Angle
Wrestling,Eddie Guerrero
Wrestling,Rey Mysterio
Wrestling,Batista
Wrestling,Randy Orton
Wrestling,Brock Lesnar
Wrestling,Goldberg
Wrestling,Sting
Wrestling,Kevin Nash
Wrestling,Scott Hall
Wrestling,Razor Ramon
Wrestling,Diesel
Wrestling,X-Pac
Wrestling,Sean Waltman
Wrestling,Big Show
Wrestling,Mark Henry
Wrestling,Booker T
Wrestling,Rob Van Dam
Wrestling,Jeff Hardy
Wrestling,Matt Hardy
Wrestling,Bubba Ray Dudley
Wrestling,D-Von Dudley
Wrestling,Jimmy Snuka
Wrestling,Ricky Steamboat
Wrestling,Dusty Rhodes
Wrestling,Cody Rhodes
Wrestling,Dustin Rhodes
Wrestling,Goldust
Wrestling,Harley Race
Wrestling,Bruno Sammartino
Wrestling,Bob Backlund
Wrestling,Iron Sheik
Wrestling,Nikolai Volkoff
Wrestling,Sgt. Slaughter
Wrestling,Jake Roberts
Wrestling,Ted DiBiase
Wrestling,Mr. Perfect
Wrestling,Curt Hennig
Wrestling,Rick Rude
Wrestling,Jerry Lawler
Wrestling,Honky Tonk Man
Wrestling,Greg Valentine
Wrestling,Tito Santana
Wrestling,Paul Orndorff
Wrestling,Don Muraco
Wrestling,Big Boss Man
Wrestling,Earthquake
Wrestling,Yokozuna
Wrestling,Vader
Wrestling,Bam Bam Bigelow
Wrestling,Lex Luger
Wrestling,Owen Hart
Wrestling,Davey Boy Smith
Wrestling,British Bulldog
Wrestling,Jim Neidhart
Wrestling,Hacksaw Jim Duggan
Wrestling,Koko B. Ware
Wrestling,Brutus Beefcake
Wrestling,Macho Man Randy Savage
Wrestling,Miss Elizabeth
Wrestling,Sherri Martel
Wrestling,Sensational Sherri
Wrestling,Bobby Heenan
Wrestling,Jimmy Hart
Wrestling,Mean Gene Okerlund
Wrestling,Jim Ross
Wrestling,Vince McMahon
Wrestling,Shane McMahon
Wrestling,Stephanie McMahon
Wrestling,Linda McMahon
Wrestling,Paul Heyman
Wrestling,Road Warrior Hawk
Wrestling,Road Warrior Animal
Wrestling,Legion of Doom
Wrestling,Arn Anderson
Wrestling,Tully Blanchard
Wrestling,Barry Windham
Wrestling,Nikita Koloff
Wrestling,Magnum T.A.
Wrestling,Terry Funk
Wrestling,Dory Funk Jr.
Wrestling,Abdullah the Butcher
Wrestling,The Sheik
Wrestling,Kerry Von Erich
Wrestling,Kevin Von Erich
Wrestling,David Von Erich
Wrestling,Fritz Von Erich
Wrestling,Bruiser Brody
Wrestling,Stan Hansen
Wrestling,Terry Gordy
Wrestling,Michael Hayes
Wrestling,Big Van Vader
Wrestling,Diamond Dallas Page
Wrestling,Scott Steiner
Wrestling,Rick Steiner
Wrestling,Buff Bagwell
Wrestling,Konnan
Wrestling,Juventud Guerrera
Wrestling,Psicosis
Wrestling,Ultimo Dragon
Wrestling,Chris Benoit
Wrestling,Dean Malenko
Wrestling,Raven
Wrestling,Sabu
Wrestling,Tommy Dreamer
Wrestling,Sandman
Wrestling,Taz
Wrestling,Shane Douglas
Wrestling,Justin Credible
Wrestling,Lance Storm
Wrestling,Tajiri
Wrestling,Al Snow
Wrestling,Test
Wrestling,Val Venis
Wrestling,Godfather
Wrestling,Faarooq
Wrestling,Bradshaw
Wrestling,JBL
Wrestling,Ron Simmons
Wrestling,D'Lo Brown
Wrestling,Ken Shamrock
Wrestling,Shelton Benjamin
Wrestling,Charlie Haas
Wrestling,Carlito
Wrestling,MVP
Wrestling,Umaga
Wrestling,Rikishi
Wrestling,Rosey
Wrestling,Jamal
Wrestling,Samoa Joe
Wrestling,AJ Styles
Wrestling,Christopher Daniels
Wrestling,Frankie Kazarian
Wrestling,Bobby Roode
Wrestling,Eric Young
Wrestling,James Storm
Wrestling,Jeff Jarrett
Wrestling,Abyss
Wrestling,Bully Ray
Wrestling,Mr. Anderson
Wrestling,Ken Kennedy
Wrestling,CM Punk
Wrestling,Daniel Bryan
Wrestling,Bryan Danielson
Wrestling,Dean Ambrose
Wrestling,Jon Moxley
Wrestling,Seth Rollins
Wrestling,Roman Reigns
Wrestling,Bray Wyatt
Wrestling,Luke Harper
Wrestling,Erick Rowan
Wrestling,Braun Strowman
Wrestling,Kevin Owens
Wrestling,Sami Zayn
Wrestling,Finn Balor
Wrestling,Shinsuke Nakamura
Wrestling,Kofi Kingston
Wrestling,Xavier Woods
Wrestling,Big E
Wrestling,The Miz
Wrestling,Dolph Ziggler
Wrestling,Sheamus
Wrestling,Drew McIntyre
Wrestling,Wade Barrett
Wrestling,Cesaro
Wrestling,Claudio Castagnoli
Wrestling,Damian Priest
Wrestling,Rhea Ripley
Wrestling,Bianca Belair
Wrestling,Becky Lynch
Wrestling,Charlotte Flair
Wrestling,Sasha Banks
Wrestling,Mercedes Mone
Wrestling,Bayley
Wrestling,Alexa Bliss
Wrestling,Asuka
Wrestling,Iyo Sky
Wrestling,Liv Morgan
Wrestling,Nia Jax
Wrestling,Natalya
Wrestling,Nikki Bella
Wrestling,Brie Bella
Wrestling,Paige
Wrestling,AJ Lee
Wrestling,Trish Stratus
Wrestling,Lita
Wrestling,Chyna
Wrestling,Sable
Wrestling,Sunny
Wrestling,Molly Holly
Wrestling,Mickie James
Wrestling,Beth Phoenix
Wrestling,Melina
Wrestling,Michelle McCool
Wrestling,Kelly Kelly
Wrestling,Maryse
Wrestling,Eve Torres
Wrestling,Kaitlyn
Wrestling,Tamina
Wrestling,Naomi
Wrestling,Carmella
Wrestling,Dana Brooke
Wrestling,Zelina Vega
Wrestling,Raquel Rodriguez
Wrestling,Tiffany Stratton
Wrestling,Jade Cargill
Wrestling,Roxanne Perez
Wrestling,Lyra Valkyria
Wrestling,Chelsea Green
Wrestling,Piper Niven
Wrestling,Shayna Baszler
Wrestling,Ronda Rousey
Wrestling,Tegan Nox
Wrestling,Candice LeRae
Wrestling,Johnny Gargano
Wrestling,Tommaso Ciampa
Wrestling,Adam Cole
Wrestling,Kyle O'Reilly
Wrestling,Bobby Fish
Wrestling,Undisputed Era
Wrestling,Keith Lee
Wrestling,Karrion Kross
Wrestling,Gunther
Wrestling,Walter
Wrestling,Ludwig Kaiser
Wrestling,Giovanni Vinci
Wrestling,LA Knight
Wrestling,Solo Sikoa
Wrestling,Jey Uso
Wrestling,Jimmy Uso
Wrestling,Jacob Fatu
Wrestling,Tama Tonga
Wrestling,Tonga Loa
Wrestling,Bronson Reed
Wrestling,Ilja Dragunov
Wrestling,Bron Breakker
Wrestling,Carmelo Hayes
Wrestling,Trick Williams
Wrestling,Grayson Waller
Wrestling,Austin Theory
Wrestling,Dominik Mysterio
Wrestling,JD McDonagh
Wrestling,Logan Paul
Wrestling,Bad Bunny
Wrestling,Pat McAfee
Wrestling,Michael Cole
Wrestling,Corey Graves
Wrestling,Kenny Omega
Wrestling,Young Bucks
Wrestling,Matt Jackson
Wrestling,Nick Jackson
Wrestling,Hangman Adam Page
Wrestling,Orange Cassidy
Wrestling,MJF
Wrestling,Maxwell Jacob Friedman
Wrestling,Darby Allin
Wrestling,Will Ospreay
Wrestling,Swerve Strickland
Wrestling,Jay White
Wrestling,Kazuchika Okada
Wrestling,Hiroshi Tanahashi
Wrestling,Tetsuya Naito
Wrestling,Shingo Takagi
Wrestling,Kota Ibushi
Wrestling,Minoru Suzuki
Wrestling,Jushin Thunder Liger
Wrestling,Keiji Mutoh
Wrestling,Great Muta
Wrestling,Masahiro Chono
Wrestling,Mitsuharu Misawa
Wrestling,Kenta Kobashi
Wrestling,Toshiaki Kawada
Wrestling,Jun Akiyama
Wrestling,Antonio Inoki
Wrestling,Giant Baba
Wrestling,Riki Choshu
Wrestling,Tiger Mask
Wrestling,Satoru Sayama
Wrestling,Rey Fenix
Wrestling,Penta El Zero Miedo
Wrestling,Pentagon Jr.
Wrestling,Andrade El Idolo
Wrestling,Rush
Wrestling,Mistico
Wrestling,El Hijo del Santo
Wrestling,El Santo
Wrestling,Blue Demon
Wrestling,Mil Mascaras
Wrestling,Dos Caras
Wrestling,Toni Storm
Wrestling,Thunder Rosa
Wrestling,Britt Baker
Wrestling,Hikaru Shida
Wrestling,Kris Statlander
Wrestling,Jamie Hayter
Wrestling,Mariah May
Wrestling,Willow Nightingale
Wrestling,Ricky Starks
Wrestling,Powerhouse Hobbs
Wrestling,Wardlow
Wrestling,Eddie Kingston
Wrestling,Malakai Black
Wrestling,Brody King
Wrestling,Buddy Matthews
Wrestling,Miro
Wrestling,Rusev
Wrestling,Lana
Wrestling,Samantha Irvin
Wrestling,Mandy Rose
Wrestling,Sonya Deville
Wrestling,Io Shirai
Wrestling,Kairi Sane
Wrestling,Dakota Kai
Wrestling,Shotzi
Wrestling,Nikki Cross
Wrestling,Rey Mysterio Jr.
Wrestling,Santos Escobar
Wrestling,Omos
Wrestling,Otis
Wrestling,Chad Gable
Wrestling,Akira Tozawa
Wrestling,Ricochet
Wrestling,Mustafa Ali
Wrestling,Humberto Carrillo
Wrestling,Angel Garza
Wrestling,Andrade
Wrestling,Montez Ford
Wrestling,Angelo Dawkins
Wrestling,Street Profits
Wrestling,New Day
Wrestling,Hardy Boyz
Wrestling,Dudley Boyz
Wrestling,Edge and Christian
Wrestling,APA
Wrestling,Degeneration X
Wrestling,nWo
Wrestling,Four Horsemen
Wrestling,Hart Foundation
Wrestling,Demolition
Wrestling,Ax
Wrestling,Smash
Wrestling,Rockers
Wrestling,Marty Jannetty
Wrestling,Headshrinkers
Wrestling,Wild Samoans
Wrestling,Afa
Wrestling,Sika
Wrestling,Haku
Wrestling,Meng
Wrestling,Tugboat
Wrestling,Typhoon
Wrestling,Kamala
Wrestling,Papa Shango
Wrestling,Doink the Clown
Wrestling,Bastion Booger
Wrestling,Repo Man
Wrestling,Irwin R. Schyster
Wrestling,Mountie
Wrestling,Virgil
Wrestling,Crush
Wrestling,Bushwhackers
Wrestling,Nasty Boys
Wrestling,Steiner Brothers
Wrestling,Harlem Heat
Wrestling,Stevie Ray
Wrestling,Public Enemy
Wrestling,Faces of Fear
Wrestling,Hardcore Holly
Wrestling,Bob Holly
Wrestling,Crash Holly
Wrestling,Spike Dudley
Wrestling,Tazz
Wrestling,Essa Rios
Wrestling,Kaientai
Wrestling,Funaki
Wrestling,Taka Michinoku
Wrestling,Scotty 2 Hotty
Wrestling,Grandmaster Sexay
Wrestling,Too Cool
Wrestling,Brian Christopher
Wrestling,Steve Blackman
Wrestling,Gangrel
Wrestling,Perry Saturn
Wrestling,Eddy Guerrero
